tick,c_ranges,c_write,c_write_b,c_read,c_read_b,s_ranges,s_write,s_write_b,s_read,s_read_b,c_lease_moves,c_replica_moves,c_replica_b_moves
2022-03-21 11:00:10 +0000 UTC,10001,24000,4613781,152000,29181370,1564,301849,10329,1984869,10000,0,0
2022-03-21 11:00:20 +0000 UTC,10001,48000,9203601,304000,58390790,3068,590819,20590,3964665,10000,0,0
2022-03-21 11:00:30 +0000 UTC,10001,72000,13819161,456000,87548148,4592,880305,30830,5929280,10045,118,54601
2022-03-21 11:00:40 +0000 UTC,10001,96000,18432675,608000,116726882,6088,1169652,40955,7866898,10053,150,73255
2022-03-21 11:00:50 +0000 UTC,10001,120000,23053863,760000,145918301,7567,1458319,51038,9799983,10085,240,143203
2022-03-21 11:01:00 +0000 UTC,10001,144000,27656745,912000,175132591,9072,1750657,61259,11771120,10114,315,213896
2022-03-21 11:01:10 +0000 UTC,10001,168000,32275062,1064000,204321668,10563,2037536,71489,13733934,10125,383,289937
2022-03-21 11:01:20 +0000 UTC,10001,192000,36890367,1216000,233467181,12099,2323145,81539,15659684,10129,444,364390
2022-03-21 11:01:30 +0000 UTC,10001,216000,41490291,1368000,262656657,13610,2612253,91694,17609124,10186,577,544690
2022-03-21 11:01:40 +0000 UTC,10001,240000,46090719,1520000,291835351,15067,2894333,102016,19586211,10194,626,622879
2022-03-21 11:01:50 +0000 UTC,10001,264000,50713794,1672000,321024008,16578,3182869,112161,21532184,10210,769,857995
2022-03-21 11:02:00 +0000 UTC,10001,288000,55326585,1824000,350228329,18039,3464757,122209,23483695,10236,919,1139220
2022-03-21 11:02:10 +0000 UTC,10002,312000,59940396,1976000,379422798,19495,3746504,132418,25440222,10304,1067,1436818
2022-03-21 11:02:20 +0000 UTC,10002,336000,64546026,2128000,408632795,20976,4032563,142616,27382397,10326,1189,1680861
2022-03-21 11:02:30 +0000 UTC,10002,360000,69155145,2280000,437831785,22376,4300833,152698,29320170,10345,1270,1875223
2022-03-21 11:02:40 +0000 UTC,10002,384000,73752465,2432000,466989323,23829,4578266,162828,31262176,10358,1341,2059223
2022-03-21 11:02:50 +0000 UTC,10002,408000,78354828,2584000,496175948,25275,4855212,173016,33218562,10367,1407,2237454
2022-03-21 11:03:00 +0000 UTC,10002,432000,82960932,2736000,525338261,26724,5130393,183211,35174930,10384,1468,2407736
2022-03-21 11:03:10 +0000 UTC,10002,456000,87569721,2888000,554527028,28127,5400374,193137,37074691,10406,1592,2774121
2022-03-21 11:03:20 +0000 UTC,10002,480000,92170578,3040000,583706612,29505,5674733,203038,38976412,10448,1727,3186957
2022-03-21 11:03:30 +0000 UTC,10002,504000,96790413,3192000,612873972,30945,5951436,212961,40878137,10523,1866,3635458
2022-03-21 11:03:40 +0000 UTC,10002,528000,101387877,3344000,642063156,32355,6218057,222863,42781525,10531,2010,4126790
2022-03-21 11:03:50 +0000 UTC,10002,552000,106010460,3496000,671262413,33763,6490514,232874,44709694,10552,2120,4513037
2022-03-21 11:04:00 +0000 UTC,10002,576000,110621196,3648000,700438585,35176,6762265,243039,46658266,10561,2171,4704766
2022-03-21 11:04:10 +0000 UTC,10002,600000,115239669,3800000,729612370,36597,7036812,253151,48592037,10569,2242,4974546
2022-03-21 11:04:20 +0000 UTC,10002,624000,119838981,3952000,758789094,37940,7293949,263161,50517182,10618,2397,5598100
2022-03-21 11:04:30 +0000 UTC,10002,648000,124446345,4104000,787969911,39356,7560413,273162,52437962,10626,2538,6200655
2022-03-21 11:04:40 +0000 UTC,10002,672000,129048231,4256000,817114164,40744,7827951,283269,54372916,10642,2639,6631230
2022-03-21 11:04:50 +0000 UTC,10002,696000,133670895,4408000,846285586,42114,8091176,293242,56289128,10695,2776,7247905
2022-03-21 11:05:00 +0000 UTC,10002,720000,138279429,4560000,875480250,43512,8362324,303177,58201071,10709,2852,7589303
2022-03-21 11:05:10 +0000 UTC,10002,744000,142894845,4712000,904671385,44849,8618864,313128,60118394,10743,2987,8246318
2022-03-21 11:05:20 +0000 UTC,10002,768000,147486048,4864000,933847680,46218,8883013,322946,61998026,10762,3074,8685057
2022-03-21 11:05:30 +0000 UTC,10002,792000,152067888,5016000,963034992,47619,9152224,332708,63875811,10822,3219,9420780
2022-03-21 11:05:40 +0000 UTC,10002,816000,156671217,5168000,992210368,48910,9400727,342731,65802264,10839,3287,9774475
2022-03-21 11:05:50 +0000 UTC,10002,840000,161274042,5320000,1021396638,50239,9656406,352611,67700553,10854,3361,10173607
2022-03-21 11:06:00 +0000 UTC,10002,864000,165879192,5472000,1050579450,51515,9897282,362456,69585248,10875,3439,10596951
2022-03-21 11:06:10 +0000 UTC,10002,888000,170490528,5624000,1079763467,52835,10153158,372280,71471812,10894,3586,11421297
2022-03-21 11:06:20 +0000 UTC,10002,912000,175085601,5776000,1108941930,54126,10398818,382139,73365447,10972,3733,12288273
2022-03-21 11:06:30 +0000 UTC,10002,936000,179710419,5928000,1138112965,55471,10659394,392058,75264642,10979,3815,12793532
2022-03-21 11:06:40 +0000 UTC,10002,960000,184320519,6080000,1167301353,56808,10915412,401761,77125620,10990,3888,13240728
2022-03-21 11:06:50 +0000 UTC,10002,984000,188916516,6232000,1196462279,58117,11166902,411477,78989706,11003,3955,13645769
2022-03-21 11:07:00 +0000 UTC,10002,1008000,193535703,6384000,1225651200,59387,11411364,421289,80872047,11009,4095,14526817
2022-03-21 11:07:10 +0000 UTC,10002,1032000,198145842,6536000,1254855240,60668,11650846,431075,82745739,11020,4174,15063141
2022-03-21 11:07:20 +0000 UTC,10002,1056000,202746066,6688000,1284050115,61945,11903425,440777,84612971,11033,4252,15595624
2022-03-21 11:07:30 +0000 UTC,10002,1080000,207371625,6840000,1313243260,63265,12159431,450514,86484186,11040,4310,15998089
2022-03-21 11:07:40 +0000 UTC,10002,1104000,211965657,6992000,1342400581,64504,12396896,460207,88344348,11094,4450,16995691
2022-03-21 11:07:50 +0000 UTC,10002,1128000,216560493,7144000,1371573461,65784,12642502,469887,90209220,11161,4601,18099418
2022-03-21 11:08:00 +0000 UTC,10002,1152000,221163924,7296000,1400737732,67120,12899719,479566,92071377,11180,4742,19162176
2022-03-21 11:08:10 +0000 UTC,10002,1176000,225770676,7448000,1429940239,68357,13137222,489309,93942414,11189,4888,20243393
2022-03-21 11:08:20 +0000 UTC,10002,1200000,230368389,7600000,1459121047,69568,13367699,499093,95819817,11244,5031,21347956
2022-03-21 11:08:30 +0000 UTC,10002,1224000,234988467,7752000,1488293716,70891,13622176,508787,97677267,11262,5113,22007795
2022-03-21 11:08:40 +0000 UTC,10002,1248000,239600634,7904000,1517493335,72130,13861083,518346,99510949,11274,5173,22477483
2022-03-21 11:08:50 +0000 UTC,10002,1272000,244217754,8056000,1546685922,73443,14112962,528062,101380671,11299,5298,23502016
2022-03-21 11:09:00 +0000 UTC,10002,1296000,248815311,8208000,1575872418,74691,14352728,537768,103243759,11313,5353,23957057
2022-03-21 11:09:10 +0000 UTC,10002,1320000,253409502,8360000,1605051781,76010,14606332,547331,105075580,11353,5504,25212832
2022-03-21 11:09:20 +0000 UTC,10002,1344000,258024333,8512000,1634234705,77285,14852031,556840,106906303,11419,5654,26509855
2022-03-21 11:09:30 +0000 UTC,10002,1368000,262632936,8664000,1663409630,78470,15078373,566603,108782068,11470,5795,27744943
2022-03-21 11:09:40 +0000 UTC,10002,1392000,267217380,8816000,1692616224,79670,15307206,576411,110666103,11482,5860,28344863
2022-03-21 11:09:50 +0000 UTC,10002,1416000,271825200,8968000,1721784183,80838,15530417,585928,112502686,11515,6022,29790059
2022-03-21 11:10:00 +0000 UTC,10002,1440000,276417246,9120000,1750993795,82101,15763595,595272,114298693,11529,6157,30980399
2022-03-21 11:10:10 +0000 UTC,10002,1464000,281037051,9272000,1780172716,83277,15984750,604495,116069468,11545,6301,32322017
2022-03-21 11:10:20 +0000 UTC,10002,1488000,285647898,9424000,1809378826,84486,16215573,614001,117895054,11572,6439,33657535
2022-03-21 11:10:30 +0000 UTC,10002,1512000,290243496,9576000,1838572896,85647,16437045,623471,119716988,11587,6495,34199375
2022-03-21 11:10:40 +0000 UTC,10002,1536000,294851436,9728000,1867730033,86840,16666674,632900,121525823,11645,6635,35570184
2022-03-21 11:10:50 +0000 UTC,10003,1560000,299456034,9880000,1896910928,87983,16889889,642395,123347514,11664,6779,36989861
2022-03-21 11:11:00 +0000 UTC,10003,1584000,304062840,10032000,1926096451,89169,17122991,651866,125163333,11734,6925,38473184
2022-03-21 11:11:10 +0000 UTC,10003,1608000,308687241,10184000,1955286762,90329,17346545,661347,126980361,11800,7066,39914504
2022-03-21 11:11:20 +0000 UTC,10003,1632000,313291035,10336000,1984486068,91500,17571820,670870,128813192,11848,7208,41390014
2022-03-21 11:11:30 +0000 UTC,10003,1656000,317900136,10488000,2013666413,92647,17791795,680354,130632799,11858,7266,42017837
2022-03-21 11:11:40 +0000 UTC,10003,1680000,322496589,10640000,2042845841,93772,18008986,689951,132475257,11878,7415,43663459
2022-03-21 11:11:50 +0000 UTC,10003,1704000,327129135,10792000,2072017929,94885,18224430,699417,134287335,11884,7473,44279846
2022-03-21 11:12:00 +0000 UTC,10003,1728000,331746558,10944000,2101200782,96031,18444733,708907,136103656,11897,7618,45879306
2022-03-21 11:12:10 +0000 UTC,10003,1752000,336361707,11096000,2130403647,97121,18655210,718386,137920644,11912,7773,47586232
2022-03-21 11:12:20 +0000 UTC,10003,1776000,340992069,11248000,2159589631,98261,18873586,727738,139713158,11928,7854,48536394
2022-03-21 11:12:30 +0000 UTC,10004,1800000,345596502,11400000,2188760149,99372,19087202,737106,141517509,11951,7918,49266141
2022-03-21 11:12:40 +0000 UTC,10004,1824000,350201166,11552000,2217941388,100439,19292519,746583,143334131,11973,7982,50010119
2022-03-21 11:12:50 +0000 UTC,10004,1848000,354815628,11704000,2247119902,101604,19516245,755970,145137584,12067,8126,51712583
2022-03-21 11:13:00 +0000 UTC,10004,1872000,359423118,11856000,2276323088,102684,19726391,765130,146902939,12121,8268,53425467
2022-03-21 11:13:10 +0000 UTC,10004,1896000,364022577,12008000,2305522580,103763,19933514,774602,148716877,12194,8421,55292092
2022-03-21 11:13:20 +0000 UTC,10004,1920000,368620362,12160000,2334715361,104851,20141882,783902,150502493,12245,8565,57049460
2022-03-21 11:13:30 +0000 UTC,10004,1944000,373224903,12312000,2363897548,105955,20353071,793186,152284697,12277,8711,58856425
2022-03-21 11:13:40 +0000 UTC,10004,1968000,377826141,12464000,2393118631,107029,20556908,802569,154092235,12303,8858,60712999
2022-03-21 11:13:50 +0000 UTC,10004,1992000,382431792,12616000,2422289217,108110,20764309,812058,155911679,12324,8950,61902039
2022-03-21 11:14:00 +0000 UTC,10004,2016000,387026889,12768000,2451456179,109148,20963335,821424,157703784,12353,9058,63278658
2022-03-21 11:14:10 +0000 UTC,10004,2040000,391631295,12920000,2480654487,110214,21162790,830660,159474513,12410,9201,65150947
2022-03-21 11:14:20 +0000 UTC,10005,2064000,396243807,13072000,2509826904,111294,21361835,839884,161245385,12451,9347,67071568
2022-03-21 11:14:30 +0000 UTC,10005,2088000,400853670,13224000,2539008156,112317,21553148,848981,162990809,12471,9434,68271069
2022-03-21 11:14:40 +0000 UTC,10005,2112000,405465771,13376000,2568187962,113342,21750974,858265,164777566,12482,9583,70243762
2022-03-21 11:14:50 +0000 UTC,10005,2136000,410094246,13528000,2597383427,114393,21951680,867409,166537645,12528,9733,72288460
2022-03-21 11:15:00 +0000 UTC,10005,2160000,414682686,13680000,2626568857,115439,22151855,876584,168306615,12546,9821,73543159
2022-03-21 11:15:10 +0000 UTC,10006,2184000,419293074,13832000,2655754391,116504,22355122,885848,170081675,12579,9963,75504800
2022-03-21 11:15:20 +0000 UTC,10006,2208000,423893781,13984000,2684964320,117479,22542705,894706,171780322,12594,10029,76445213
2022-03-21 11:15:30 +0000 UTC,10006,2232000,428494308,14136000,2714152139,118460,22730305,903506,173469523,12649,10187,78747849
2022-03-21 11:15:40 +0000 UTC,10006,2256000,433097706,14288000,2743311525,119434,22918404,912155,175130162,12671,10325,80698336
2022-03-21 11:15:50 +0000 UTC,10006,2280000,437715036,14440000,2772504215,120375,23105548,920774,176784775,12738,10476,82892238
2022-03-21 11:16:00 +0000 UTC,10006,2304000,442319670,14592000,2801698383,121381,23290099,929541,178468122,12817,10606,84789825
2022-03-21 11:16:10 +0000 UTC,10006,2328000,446916180,14744000,2830886193,122387,23481041,938147,180117543,12859,10749,86908179
2022-03-21 11:16:20 +0000 UTC,10006,2352000,451525017,14896000,2860069822,123310,23667464,946713,181756586,12943,10898,89147423
2022-03-21 11:16:30 +0000 UTC,10006,2376000,456131091,15048000,2889292295,124257,23862041,955431,183428704,12974,11044,91376193
2022-03-21 11:16:40 +0000 UTC,10006,2400000,460727943,15200000,2918488240,125215,24046207,964015,185079776,12986,11197,93692899
2022-03-21 11:16:50 +0000 UTC,10006,2424000,465346263,15352000,2947680590,126180,24226828,972697,186749109,13002,11349,96042869
2022-03-21 11:17:00 +0000 UTC,10006,2448000,469958349,15504000,2976855012,127089,24408011,981279,188396888,13058,11494,98312576
2022-03-21 11:17:10 +0000 UTC,10006,2472000,474556473,15656000,3006050554,128015,24584667,989862,190045095,13076,11643,100655217
2022-03-21 11:17:20 +0000 UTC,10006,2496000,479150061,15808000,3035230184,128896,24752303,998563,191710946,13101,11789,103008269
2022-03-21 11:17:30 +0000 UTC,10006,2520000,483747054,15960000,3064390563,129819,24929542,1007209,193374168,13135,11948,105583539
2022-03-21 11:17:40 +0000 UTC,10006,2544000,488352537,16112000,3093576349,130762,25108636,1015673,194996089,13159,12091,107905811
2022-03-21 11:17:50 +0000 UTC,10006,2568000,492969885,16264000,3122772627,131703,25278752,1024156,196624240,13183,12213,109880656
2022-03-21 11:18:00 +0000 UTC,10006,2592000,497561859,16416000,3151980825,132621,25453351,1032629,198252589,13200,12298,111312622
2022-03-21 11:18:10 +0000 UTC,10006,2616000,502173666,16568000,3181159018,133509,25624622,1041021,199860389,13219,12398,112983446
2022-03-21 11:18:20 +0000 UTC,10006,2640000,506797800,16720000,3210320005,134427,25800538,1049536,201491844,13244,12527,115168973
2022-03-21 11:18:30 +0000 UTC,10006,2664000,511415526,16872000,3239519745,135362,25979947,1057922,203102706,13288,12659,117402368
2022-03-21 11:18:40 +0000 UTC,10006,2688000,516038211,17024000,3268717638,136273,26154371,1066207,204692870,13320,12802,119830576
2022-03-21 11:18:50 +0000 UTC,10006,2712000,520646820,17176000,3297903802,137195,26331311,1074612,206302941,13341,12946,122341165
2022-03-21 11:19:00 +0000 UTC,10006,2736000,525262197,17328000,3327072670,138092,26504646,1082958,207906224,13428,13095,124949016
2022-03-21 11:19:10 +0000 UTC,10006,2760000,529862211,17480000,3356277913,138960,26671183,1091121,209471523,13455,13245,127584450
2022-03-21 11:19:20 +0000 UTC,10006,2784000,534463566,17632000,3385467656,139845,26839297,1099122,211011257,13474,13323,128964633
2022-03-21 11:19:30 +0000 UTC,10006,2808000,539068461,17784000,3414651542,140692,27002480,1107048,212538216,13490,13475,131718690
2022-03-21 11:19:40 +0000 UTC,10006,2832000,543680262,17936000,3443849650,141564,27167631,1115028,214062386,13532,13604,134071787
2022-03-21 11:19:50 +0000 UTC,10006,2856000,548296485,18088000,3473054819,142392,27328155,1123024,215597421,13573,13752,136784089
2022-03-21 11:20:00 +0000 UTC,10006,2880000,552889011,18240000,3502221516,143159,27475458,1130851,217100015,13595,13896,139400140
2022-03-21 11:20:10 +0000 UTC,10006,2904000,557498391,18392000,3531412960,143982,27631497,1138749,218616063,13632,14043,142148220
2022-03-21 11:20:20 +0000 UTC,10006,2928000,562105131,18544000,3560589223,144736,27774892,1146564,220118623,13709,14189,144854546
2022-03-21 11:20:30 +0000 UTC,10006,2952000,566717949,18696000,3589760984,145479,27916330,1154281,221597374,13777,14340,147749081
2022-03-21 11:20:40 +0000 UTC,10006,2976000,571332006,18848000,3618941670,146222,28058321,1162130,223106062,13823,14482,150450514
2022-03-21 11:20:50 +0000 UTC,10006,3000000,575944110,19000000,3648110640,147020,28210668,1169902,224602308,13834,14545,151678174
2022-03-21 11:21:00 +0000 UTC,10006,3024000,580549128,19152000,3677266725,147781,28355615,1177605,226076722,13931,14691,154493729
2022-03-21 11:21:10 +0000 UTC,10006,3048000,585151128,19304000,3706451614,148562,28504932,1185489,227590551,13938,14733,155317537
2022-03-21 11:21:20 +0000 UTC,10006,3072000,589753944,19456000,3735619385,149344,28654678,1193172,229064736,13944,14851,157588635
2022-03-21 11:21:30 +0000 UTC,10006,3096000,594355056,19608000,3764817328,150118,28804133,1200999,230565608,14030,14979,160107686
2022-03-21 11:21:40 +0000 UTC,10006,3120000,598960407,19760000,3793998311,150898,28953058,1208760,232048661,14038,15010,160719826
2022-03-21 11:21:50 +0000 UTC,10006,3144000,603566781,19912000,3823200910,151650,29099022,1216635,233560759,14038,15011,160739366
2022-03-21 11:22:00 +0000 UTC,10006,3168000,608176137,20064000,3852383787,152447,29251575,1224266,235029200,14049,15050,161547328
2022-03-21 11:22:10 +0000 UTC,10006,3192000,612772140,20216000,3881589709,153204,29395394,1232101,236532599,14061,15086,162294943
2022-03-21 11:22:20 +0000 UTC,10006,3216000,617368662,20368000,3910751992,153958,29539161,1239929,238039564,14062,15094,162465358
2022-03-21 11:22:30 +0000 UTC,10006,3240000,621972621,20520000,3939949297,154755,29693082,1247786,239549254,14076,15117,162924237
2022-03-21 11:22:40 +0000 UTC,10006,3264000,626577795,20672000,3969129292,155471,29830036,1255483,241030336,14081,15132,163250771
2022-03-21 11:22:50 +0000 UTC,10006,3288000,631182813,20824000,3998324021,156225,29973843,1263357,242541497,14083,15141,163432348
2022-03-21 11:23:00 +0000 UTC,10006,3312000,635795052,20976000,4027536355,157015,30126140,1271174,244043623,14084,15151,163644668
2022-03-21 11:23:10 +0000 UTC,10006,3336000,640405539,21128000,4056708250,157816,30279241,1278725,245489805,14084,15151,163644668
2022-03-21 11:23:20 +0000 UTC,10006,3360000,645019608,21280000,4085898661,158545,30420897,1286478,246978173,14084,15151,163644668
2022-03-21 11:23:30 +0000 UTC,10006,3384000,649651935,21432000,4115067726,159319,30569961,1294158,248447187,14084,15151,163644668
2022-03-21 11:23:40 +0000 UTC,10006,3408000,654237762,21584000,4144241519,160113,30721955,1301868,249927773,14084,15151,163644668
2022-03-21 11:23:50 +0000 UTC,10006,3432000,658836102,21736000,4173408306,160845,30862010,1309860,251458292,14084,15151,163644668
2022-03-21 11:24:00 +0000 UTC,10006,3456000,663432906,21888000,4202591917,161586,31003382,1317616,252950377,14084,15151,163644668
2022-03-21 11:24:10 +0000 UTC,10006,3480000,668036214,22040000,4231765702,162339,31148006,1325401,254448709,14084,15151,163644668
2022-03-21 11:24:20 +0000 UTC,10006,3504000,672637464,22192000,4260932024,163096,31295136,1333023,255912142,14084,15151,163644668
2022-03-21 11:24:30 +0000 UTC,10006,3528000,677237178,22344000,4290108229,163826,31436739,1340784,257403526,14084,15151,163644668
2022-03-21 11:24:40 +0000 UTC,10006,3552000,681848931,22496000,4319275133,164559,31581806,1348715,258931527,14084,15151,163644668
2022-03-21 11:24:50 +0000 UTC,10006,3576000,686467278,22648000,4348437615,165340,31730781,1356422,260409585,14084,15151,163644668
2022-03-21 11:25:00 +0000 UTC,10006,3600000,691074033,22800000,4377625470,166125,31876073,1364066,261876047,14084,15151,163644668
2022-03-21 11:25:10 +0000 UTC,10007,3624000,695677161,22952000,4406796280,166916,32025138,1371718,263343682,14086,15151,163644668
2022-03-21 11:25:20 +0000 UTC,10008,3648000,700275252,23104000,4435998780,167716,32178034,1379460,264836353,14088,15151,163644668
2022-03-21 11:25:30 +0000 UTC,10009,3672000,704893782,23256000,4465192721,168495,32327382,1387111,266301327,14089,15151,163644668
2022-03-21 11:25:40 +0000 UTC,10009,3696000,709483083,23408000,4494397377,169290,32478820,1394963,267808464,14089,15151,163644668
2022-03-21 11:25:50 +0000 UTC,10009,3720000,714071919,23560000,4523605263,170011,32617378,1402717,269295057,14089,15151,163644668
2022-03-21 11:26:00 +0000 UTC,10009,3744000,718691379,23712000,4552785540,170778,32771170,1410577,270800639,14089,15151,163644668
2022-03-21 11:26:10 +0000 UTC,10010,3768000,723308799,23864000,4581966666,171581,32917863,1418361,272299383,14091,15151,163644668
2022-03-21 11:26:20 +0000 UTC,10010,3792000,727916586,24016000,4611133085,172350,33070838,1426203,273800542,14091,15151,163644668
2022-03-21 11:26:30 +0000 UTC,10010,3816000,732527406,24168000,4640318726,173113,33216958,1433976,275299064,14091,15151,163644668
2022-03-21 11:26:40 +0000 UTC,10010,3840000,737132571,24320000,4669489463,173878,33361363,1441796,276801188,14091,15151,163644668
2022-03-21 11:26:50 +0000 UTC,10010,3864000,741752337,24472000,4698688853,174640,33515851,1449526,278284899,14091,15151,163644668
2022-03-21 11:27:00 +0000 UTC,10010,3888000,746363526,24624000,4727886320,175403,33664361,1457183,279750417,14091,15151,163644668
2022-03-21 11:27:10 +0000 UTC,10010,3912000,750984072,24776000,4757064881,176167,33813169,1464979,281246178,14091,15151,163644668
2022-03-21 11:27:20 +0000 UTC,10010,3936000,755599302,24928000,4786231996,176954,33963792,1472648,282717503,14091,15151,163644668
2022-03-21 11:27:30 +0000 UTC,10010,3960000,760224609,25080000,4815415301,177738,34114244,1480456,284215043,14091,15151,163644668
2022-03-21 11:27:40 +0000 UTC,10010,3984000,764821479,25232000,4844578619,178530,34263146,1488314,285724409,14091,15151,163644668
2022-03-21 11:27:50 +0000 UTC,10010,4008000,769436169,25384000,4873758768,179288,34412773,1496084,287212707,14091,15151,163644668
2022-03-21 11:28:00 +0000 UTC,10010,4032000,774033177,25536000,4902937044,180076,34562636,1503914,288721276,14091,15151,163644668
2022-03-21 11:28:10 +0000 UTC,10010,4056000,778649904,25688000,4932144074,180871,34707867,1511751,290224839,14091,15151,163644668
2022-03-21 11:28:20 +0000 UTC,10011,4080000,783233226,25840000,4961324521,181678,34854610,1519474,291711352,14093,15151,163644668
2022-03-21 11:28:30 +0000 UTC,10011,4104000,787842921,25992000,4990500339,182468,35006453,1527332,293220321,14093,15151,163644668
2022-03-21 11:28:40 +0000 UTC,10011,4128000,792440436,26144000,5019667415,183239,35155251,1535172,294728070,14093,15151,163644668
2022-03-21 11:28:50 +0000 UTC,10011,4152000,797050608,26296000,5048852208,184000,35301644,1542961,296220883,14093,15151,163644668
2022-03-21 11:29:00 +0000 UTC,10012,4176000,801648468,26448000,5078040047,184734,35447057,1550624,297698246,14095,15151,163644668
2022-03-21 11:29:10 +0000 UTC,10012,4200000,806252244,26600000,5107198429,185471,35597184,1558448,299204258,14095,15151,163644668
2022-03-21 11:29:20 +0000 UTC,10012,4224000,810851010,26752000,5136366113,186242,35743398,1566212,300691048,14095,15151,163644668
2022-03-21 11:29:30 +0000 UTC,10012,4248000,815454231,26904000,5165539831,187005,35889178,1573933,302173045,14095,15151,163644668
2022-03-21 11:29:40 +0000 UTC,10012,4272000,820059783,27056000,5194760282,187732,36028289,1581857,303699619,14095,15151,163644668
2022-03-21 11:29:50 +0000 UTC,10012,4296000,824670501,27208000,5223945500,188521,36178864,1589654,305195339,14095,15151,163644668
2022-03-21 11:30:00 +0000 UTC,10012,4320000,829282362,27360000,5253148581,189278,36324615,1597597,306722422,14095,15151,163644668
2022-03-21 11:30:10 +0000 UTC,10013,4344000,833891652,27512000,5282328431,190038,36470520,1605390,308213527,14097,15151,163644668
2022-03-21 11:30:20 +0000 UTC,10013,4368000,838481946,27664000,5311524286,190825,36619709,1613066,309688725,14097,15151,163644668
2022-03-21 11:30:30 +0000 UTC,10014,4392000,843078675,27816000,5340710104,191618,36770913,1621036,311220596,14098,15151,163644668
2022-03-21 11:30:40 +0000 UTC,10014,4416000,847685514,27968000,5369890058,192395,36924908,1628909,312731046,14098,15151,163644668
2022-03-21 11:30:50 +0000 UTC,10014,4440000,852304530,28120000,5399045691,193149,37070136,1636621,314210193,14098,15151,163644668
2022-03-21 11:31:00 +0000 UTC,10014,4464000,856932939,28272000,5428242553,193904,37217123,1644363,315695214,14098,15151,163644668
2022-03-21 11:31:10 +0000 UTC,10015,4488000,861552567,28424000,5457451966,194680,37366401,1652138,317189815,14100,15151,163644668
2022-03-21 11:31:20 +0000 UTC,10015,4512000,866175987,28576000,5486630105,195407,37506097,1659943,318690601,14100,15151,163644668
2022-03-21 11:31:30 +0000 UTC,10015,4536000,870783150,28728000,5515797378,196167,37651930,1667749,320191940,14100,15151,163644668
2022-03-21 11:31:40 +0000 UTC,10015,4560000,875394882,28880000,5544972574,196936,37800080,1675456,321672532,14100,15151,163644668
2022-03-21 11:31:50 +0000 UTC,10015,4584000,880014063,29032000,5574172776,197727,37950027,1683199,323154183,14100,15151,163644668
2022-03-21 11:32:00 +0000 UTC,10015,4608000,884615460,29184000,5603359704,198458,38090516,1690933,324633529,14100,15151,163644668
2022-03-21 11:32:10 +0000 UTC,10015,4632000,889230774,29336000,5632563042,199199,38233120,1698651,326119815,14100,15151,163644668
2022-03-21 11:32:20 +0000 UTC,10015,4656000,893844777,29488000,5661721811,199962,38379191,1706312,327585851,14100,15151,163644668
2022-03-21 11:32:30 +0000 UTC,10015,4680000,898446573,29640000,5690904034,200726,38527173,1714179,329095551,14100,15151,163644668
2022-03-21 11:32:40 +0000 UTC,10015,4704000,903043287,29792000,5720111925,201532,38680275,1721907,330583002,14100,15151,163644668
2022-03-21 11:32:50 +0000 UTC,10015,4728000,907667850,29944000,5749306466,202286,38825215,1729694,332070952,14100,15151,163644668
2022-03-21 11:33:00 +0000 UTC,10015,4752000,912272793,30096000,5778504559,203064,38973995,1737485,333563848,14100,15151,163644668
2022-03-21 11:33:10 +0000 UTC,10015,4776000,916883028,30248000,5807690490,203791,39112980,1745547,335113734,14100,15151,163644668
2022-03-21 11:33:20 +0000 UTC,10015,4800000,921458853,30400000,5836873504,204581,39263928,1753411,336629355,14100,15151,163644668
2022-03-21 11:33:30 +0000 UTC,10015,4824000,926057571,30552000,5866081403,205380,39417487,1761221,338128522,14100,15151,163644668
2022-03-21 11:33:40 +0000 UTC,10015,4848000,930665232,30704000,5895239888,206176,39569497,1769075,339635469,14100,15151,163644668
2022-03-21 11:33:50 +0000 UTC,10015,4872000,935296932,30856000,5924431762,206943,39717989,1776846,341127402,14100,15151,163644668
2022-03-21 11:34:00 +0000 UTC,10015,4896000,939898677,31008000,5953608808,207740,39872578,1784815,342671160,14100,15151,163644668
2022-03-21 11:34:10 +0000 UTC,10015,4920000,944497437,31160000,5982802676,208547,40027004,1792904,344231175,14100,15151,163644668
2022-03-21 11:34:20 +0000 UTC,10015,4944000,949121448,31312000,6011977658,209321,40175062,1801066,345795386,14100,15151,163644668
2022-03-21 11:34:30 +0000 UTC,10015,4968000,953738028,31464000,6041182444,210102,40324328,1809203,347347718,14100,15151,163644668
2022-03-21 11:34:40 +0000 UTC,10015,4992000,958344594,31616000,6070364315,210914,40481361,1817253,348892871,14100,15151,163644668
2022-03-21 11:34:50 +0000 UTC,10015,5016000,962940180,31768000,6099529826,211684,40628076,1825273,350431540,14100,15151,163644668
2022-03-21 11:35:00 +0000 UTC,10015,5040000,967556985,31920000,6128738693,212478,40781245,1833336,351977081,14100,15151,163644668
2022-03-21 11:35:10 +0000 UTC,10015,5064000,972179169,32072000,6157904363,213280,40936485,1841241,353488740,14100,15151,163644668
2022-03-21 11:35:20 +0000 UTC,10016,5088000,976786200,32224000,6187099726,213990,41071579,1849217,355017424,14101,15151,163644668
2022-03-21 11:35:30 +0000 UTC,10016,5112000,981396606,32376000,6216278901,214741,41217571,1857278,356564435,14101,15151,163644668
2022-03-21 11:35:40 +0000 UTC,10016,5136000,985997802,32528000,6245480861,215551,41372157,1865373,358115470,14101,15151,163644668
2022-03-21 11:35:50 +0000 UTC,10016,5160000,990594567,32680000,6274656067,216321,41519176,1873315,359643811,14101,15151,163644668
2022-03-21 11:36:00 +0000 UTC,10016,5184000,995209092,32832000,6303853293,217051,41659014,1881409,361197498,14101,15151,163644668
2022-03-21 11:36:10 +0000 UTC,10016,5208000,999829839,32984000,6333021911,217865,41817609,1889471,362741139,14101,15151,163644668
2022-03-21 11:36:20 +0000 UTC,10016,5232000,1004430966,33136000,6362187204,218636,41964031,1897580,364295808,14101,15151,163644668
2022-03-21 11:36:30 +0000 UTC,10017,5256000,1009052697,33288000,6391373297,219422,42116722,1905597,365833291,14103,15151,163644668
2022-03-21 11:36:40 +0000 UTC,10018,5280000,1013650152,33440000,6420546213,220206,42268098,1913636,367380889,14105,15151,163644668
2022-03-21 11:36:50 +0000 UTC,10018,5304000,1018260789,33592000,6449705227,221000,42421521,1921701,368925580,14105,15151,163644668
2022-03-21 11:37:00 +0000 UTC,10018,5328000,1022844183,33744000,6478918742,221735,42560497,1929729,370469900,14105,15151,163644668
2022-03-21 11:37:10 +0000 UTC,10018,5352000,1027439862,33896000,6508125366,222482,42704938,1937855,372027205,14105,15151,163644668
2022-03-21 11:37:20 +0000 UTC,10018,5376000,1032022806,34048000,6537316812,223297,42860615,1945916,373572881,14105,15151,163644668
2022-03-21 11:37:30 +0000 UTC,10018,5400000,1036640346,34200000,6566513911,224072,43009287,1954004,375127309,14105,15151,163644668
2022-03-21 11:37:40 +0000 UTC,10018,5424000,1041251706,34352000,6595667051,224827,43151389,1962070,376678240,14105,15151,163644668
2022-03-21 11:37:50 +0000 UTC,10018,5448000,1045862574,34504000,6624837454,225588,43298596,1970085,378215894,14105,15151,163644668
2022-03-21 11:38:00 +0000 UTC,10018,5472000,1050473559,34656000,6654008125,226364,43447156,1978161,379768839,14105,15151,163644668
2022-03-21 11:38:10 +0000 UTC,10018,5496000,1055076372,34808000,6683189036,227148,43597751,1986121,381296011,14105,15151,163644668
2022-03-21 11:38:20 +0000 UTC,10018,5520000,1059691827,34960000,6712392584,227917,43743313,1994201,382852467,14105,15151,163644668
2022-03-21 11:38:30 +0000 UTC,10018,5544000,1064294427,35112000,6741573201,228681,43888943,2002131,384376322,14105,15151,163644668
2022-03-21 11:38:40 +0000 UTC,10018,5568000,1068901917,35264000,6770746152,229458,44038649,2010282,385945605,14105,15151,163644668
2022-03-21 11:38:50 +0000 UTC,10018,5592000,1073510382,35416000,6799916191,230285,44197786,2018322,387486225,14105,15151,163644668
2022-03-21 11:39:00 +0000 UTC,10018,5616000,1078118145,35568000,6829099953,231061,44349093,2026335,389029595,14105,15151,163644668
2022-03-21 11:39:10 +0000 UTC,10018,5640000,1082730663,35720000,6858277619,231865,44503228,2034410,390579036,14105,15151,163644668
2022-03-21 11:39:20 +0000 UTC,10018,5664000,1087328073,35872000,6887450526,232678,44659461,2042342,392106161,14105,15151,163644668
2022-03-21 11:39:30 +0000 UTC,10018,5688000,1091934690,36024000,6916629576,233432,44802850,2050469,393670574,14105,15151,163644668
2022-03-21 11:39:40 +0000 UTC,10018,5712000,1096532994,36176000,6945802771,234180,44946256,2058672,395250885,14105,15151,163644668
2022-03-21 11:39:50 +0000 UTC,10018,5736000,1101131916,36328000,6974982605,234990,45101253,2066830,396812359,14105,15151,163644668
2022-03-21 11:40:00 +0000 UTC,10018,5760000,1105742985,36480000,7004185271,235762,45250260,2074907,398367219,14105,15151,163644668
2022-03-21 11:40:10 +0000 UTC,10018,5784000,1110333597,36632000,7033355991,236517,45395158,2083020,399923672,14105,15151,163644668
2022-03-21 11:40:20 +0000 UTC,10018,5808000,1114942116,36784000,7062550208,237275,45540908,2091016,401453734,14105,15151,163644668
2022-03-21 11:40:30 +0000 UTC,10018,5832000,1119560214,36936000,7091732295,238022,45685752,2098894,402965988,14105,15151,163644668
2022-03-21 11:40:40 +0000 UTC,10018,5856000,1124172138,37088000,7120934747,238785,45832678,2106797,404486302,14105,15151,163644668
2022-03-21 11:40:50 +0000 UTC,10018,5880000,1128767925,37240000,7150129432,239566,45982993,2114708,406000436,14105,15151,163644668
2022-03-21 11:41:00 +0000 UTC,10018,5904000,1133361345,37392000,7179302693,240357,46135200,2122607,407517246,14105,15151,163644668
2022-03-21 11:41:10 +0000 UTC,10018,5928000,1137971028,37544000,7208501185,241140,46286311,2130663,409065685,14105,15151,163644668
2022-03-21 11:41:20 +0000 UTC,10018,5952000,1142588673,37696000,7237693638,241922,46436614,2138525,410572684,14105,15151,163644668
2022-03-21 11:41:30 +0000 UTC,10018,5976000,1147196310,37848000,7266881724,242677,46582263,2146696,412146992,14105,15151,163644668
2022-03-21 11:41:40 +0000 UTC,10018,6000000,1151776932,38000000,7296072719,243432,46727272,2154641,413674581,14105,15151,163644668
2022-03-21 11:41:50 +0000 UTC,10018,6024000,1156403919,38152000,7325254453,244234,46880538,2162581,415196764,14105,15151,163644668
2022-03-21 11:42:00 +0000 UTC,10022,6048000,1161015624,38304000,7354420176,245026,47032478,2170591,416727201,14111,15151,163644668
2022-03-21 11:42:10 +0000 UTC,10022,6072000,1165621902,38456000,7383605822,245802,47181749,2178502,418247135,14111,15151,163644668
2022-03-21 11:42:20 +0000 UTC,10022,6096000,1170232374,38608000,7412789677,246563,47327191,2186606,419800980,14111,15151,163644668
2022-03-21 11:42:30 +0000 UTC,10022,6120000,1174847763,38760000,7441974517,247373,47482792,2194613,421341415,14111,15151,163644668
2022-03-21 11:42:40 +0000 UTC,10022,6144000,1179455271,38912000,7471171820,248121,47627080,2202582,422871031,14111,15151,163644668
2022-03-21 11:42:50 +0000 UTC,10022,6168000,1184064087,39064000,7500329253,248896,47775176,2210697,424430005,14111,15151,163644668
2022-03-21 11:43:00 +0000 UTC,10022,6192000,1188672639,39216000,7529526955,249676,47925097,2218798,425984533,14111,15151,163644668
2022-03-21 11:43:10 +0000 UTC,10022,6216000,1193279844,39368000,7558716072,250481,48080199,2226924,427551421,14111,15151,163644668
2022-03-21 11:43:20 +0000 UTC,10022,6240000,1197883260,39520000,7587924650,251249,48228429,2234998,429102182,14111,15151,163644668
2022-03-21 11:43:30 +0000 UTC,10023,6264000,1202497518,39672000,7617118312,252025,48378508,2242998,430641682,14113,15151,163644668
2022-03-21 11:43:40 +0000 UTC,10023,6288000,1207110396,39824000,7646286166,252816,48531064,2251008,432184093,14113,15151,163644668
2022-03-21 11:43:50 +0000 UTC,10023,6312000,1211720721,39976000,7675439727,253586,48676926,2258936,433703279,14113,15151,163644668
2022-03-21 11:44:00 +0000 UTC,10023,6336000,1216322322,40128000,7704618093,254341,48821493,2266864,435231271,14113,15151,163644668
2022-03-21 11:44:10 +0000 UTC,10023,6360000,1220918310,40280000,7733799401,255115,48969905,2275101,436809105,14113,15151,163644668
2022-03-21 11:44:20 +0000 UTC,10023,6384000,1225519479,40432000,7762959832,255902,49118574,2283150,438354742,14113,15151,163644668
2022-03-21 11:44:30 +0000 UTC,10023,6408000,1230121461,40584000,7792127115,256696,49270874,2291147,439883507,14113,15151,163644668
2022-03-21 11:44:40 +0000 UTC,10023,6432000,1234730565,40736000,7821331108,257478,49420573,2299434,441471547,14113,15151,163644668
2022-03-21 11:44:50 +0000 UTC,10023,6456000,1239340188,40888000,7850512319,258264,49573612,2307589,443038681,14113,15151,163644668
2022-03-21 11:45:00 +0000 UTC,10024,6480000,1243936386,41040000,7879677866,259016,49718041,2315739,444603275,14115,15151,163644668
2022-03-21 11:45:10 +0000 UTC,10024,6504000,1248536313,41192000,7908862295,259785,49867181,2323724,446133081,14115,15151,163644668
2022-03-21 11:45:20 +0000 UTC,10024,6528000,1253138559,41344000,7938055996,260537,50011561,2331837,447690677,14115,15151,163644668
2022-03-21 11:45:30 +0000 UTC,10025,6552000,1257733017,41496000,7967241290,261285,50155078,2339929,449248266,14117,15151,163644668
2022-03-21 11:45:40 +0000 UTC,10025,6576000,1262358750,41648000,7996413552,262083,50309976,2347905,450781437,14117,15151,163644668
2022-03-21 11:45:50 +0000 UTC,10026,6600000,1266973365,41800000,8025569578,262889,50465911,2355959,452326674,14119,15151,163644668
2022-03-21 11:46:00 +0000 UTC,10027,6624000,1271561628,41952000,8054755899,263663,50613076,2363888,453845413,14121,15151,163644668
2022-03-21 11:46:10 +0000 UTC,10028,6648000,1276190076,42104000,8083932694,264443,50763418,2371915,455383521,14122,15151,163644668
2022-03-21 11:46:20 +0000 UTC,10028,6672000,1280801535,42256000,8113118674,265220,50911836,2379879,456913950,14122,15151,163644668
2022-03-21 11:46:30 +0000 UTC,10028,6696000,1285408272,42408000,8142309911,265998,51059631,2387963,458464710,14122,15151,163644668
2022-03-21 11:46:40 +0000 UTC,10028,6720000,1290032310,42560000,8171464536,266819,51217427,2396012,460009766,14122,15151,163644668
2022-03-21 11:46:50 +0000 UTC,10029,6744000,1294640712,42712000,8200643496,267619,51369826,2404061,461555064,14124,15151,163644668
2022-03-21 11:47:00 +0000 UTC,10030,6768000,1299256452,42864000,8229833994,268355,51512072,2412070,463097645,14126,15151,163644668
2022-03-21 11:47:10 +0000 UTC,10030,6792000,1303859292,43016000,8259010267,269106,51655174,2419948,464614202,14126,15151,163644668
2022-03-21 11:47:20 +0000 UTC,10030,6816000,1308471084,43168000,8288182190,269849,51798044,2428040,466166645,14126,15151,163644668
2022-03-21 11:47:30 +0000 UTC,10030,6840000,1313065422,43320000,8317339522,270593,51941300,2435902,467675107,14126,15151,163644668
2022-03-21 11:47:40 +0000 UTC,10030,6864000,1317669687,43472000,8346497281,271402,52097387,2444014,469233711,14126,15151,163644668
2022-03-21 11:47:50 +0000 UTC,10030,6888000,1322267367,43624000,8375686650,272206,52251330,2452051,470778172,14126,15151,163644668
2022-03-21 11:48:00 +0000 UTC,10030,6912000,1326866988,43776000,8404855783,272978,52398610,2460128,472327306,14126,15151,163644668
2022-03-21 11:48:10 +0000 UTC,10031,6936000,1331474064,43928000,8434017390,273722,52541701,2468073,473845785,14128,15151,163644668
2022-03-21 11:48:20 +0000 UTC,10031,6960000,1336069074,44080000,8463193926,274467,52683243,2476062,475378141,14128,15151,163644668
2022-03-21 11:48:30 +0000 UTC,10031,6984000,1340680656,44232000,8492425235,275235,52831205,2484044,476909846,14128,15151,163644668
2022-03-21 11:48:40 +0000 UTC,10032,7008000,1345286313,44384000,8521613198,275973,52972889,2492169,478474236,14129,15151,163644668
2022-03-21 11:48:50 +0000 UTC,10032,7032000,1349905989,44536000,8550798720,276770,53126225,2500133,480010638,14129,15151,163644668
2022-03-21 11:49:00 +0000 UTC,10033,7056000,1354508682,44688000,8579977516,277504,53267103,2508222,481565587,14130,15151,163644668
2022-03-21 11:49:10 +0000 UTC,10034,7080000,1359103584,44840000,8609184944,278221,53406270,2516250,483108988,14131,15151,163644668
2022-03-21 11:49:20 +0000 UTC,10034,7104000,1363709301,44992000,8638397766,279050,53565742,2524207,484637526,14131,15151,163644668
2022-03-21 11:49:30 +0000 UTC,10034,7128000,1368309336,45144000,8667592499,279833,53716284,2532089,486146555,14131,15151,163644668
2022-03-21 11:49:40 +0000 UTC,10035,7152000,1372917594,45296000,8696783017,280621,53868400,2540236,487713029,14132,15151,163644668
2022-03-21 11:49:50 +0000 UTC,10036,7176000,1377528303,45448000,8725945275,281365,54010488,2548224,489246078,14133,15151,163644668
2022-03-21 11:50:00 +0000 UTC,10039,7200000,1382136255,45600000,8755151920,282086,54149341,2556334,490806312,14138,15151,163644668
2022-03-21 11:50:10 +0000 UTC,10040,7224000,1386750612,45752000,8784341144,282919,54309517,2564215,492319292,14139,15151,163644668
2022-03-21 11:50:20 +0000 UTC,10040,7248000,1391357370,45904000,8813523270,283742,54468888,2572287,493872105,14139,15151,163644668
2022-03-21 11:50:30 +0000 UTC,10040,7272000,1395959340,46056000,8842697084,284529,54618898,2580314,495408729,14140,15152,163689673
2022-03-21 11:50:40 +0000 UTC,10040,7296000,1400570478,46208000,8871872630,285308,54767449,2588332,496949330,14140,15152,163689673
2022-03-21 11:50:50 +0000 UTC,10041,7320000,1405172856,46360000,8901040555,286109,54920476,2596449,498506418,14143,15155,163828464
2022-03-21 11:51:00 +0000 UTC,10042,7344000,1409783163,46512000,8930231500,286896,55072725,2604452,500045973,14145,15156,163872659
2022-03-21 11:51:10 +0000 UTC,10043,7368000,1414378527,46664000,8959413160,287683,55221514,2612547,501600129,14146,15156,163872659
2022-03-21 11:51:20 +0000 UTC,10043,7392000,1418986698,46816000,8988563155,288446,55367019,2620705,503163724,14146,15156,163872659
2022-03-21 11:51:30 +0000 UTC,10043,7416000,1423593228,46968000,9017753478,289195,55511037,2628797,504714395,14147,15157,163917432
2022-03-21 11:51:40 +0000 UTC,10043,7440000,1428209337,47120000,9046964576,289932,55652649,2636886,506266291,14147,15157,163917432
2022-03-21 11:51:50 +0000 UTC,10044,7464000,1432818555,47272000,9076133303,290695,55798795,2644960,507817727,14149,15158,163967042
2022-03-21 11:52:00 +0000 UTC,10044,7488000,1437432282,47424000,9105306823,291441,55941334,2653112,509380894,14149,15158,163967042
2022-03-21 11:52:10 +0000 UTC,10045,7512000,1442027913,47576000,9134503974,292230,56090811,2661123,510921385,14151,15158,163967042
2022-03-21 11:52:20 +0000 UTC,10045,7536000,1446628038,47728000,9163684503,293015,56240089,2669247,512477436,14151,15159,164015873
2022-03-21 11:52:30 +0000 UTC,10045,7560000,1451241309,47880000,9192871306,293778,56386347,2677208,514008528,14151,15159,164015873
2022-03-21 11:52:40 +0000 UTC,10045,7584000,1455853554,48032000,9222076557,294541,56532113,2685285,515563124,14151,15159,164015873
2022-03-21 11:52:50 +0000 UTC,10045,7608000,1460462496,48184000,9251261490,295313,56678610,2693221,517088903,14151,15161,164107469
2022-03-21 11:53:00 +0000 UTC,10046,7632000,1465080288,48336000,9280461781,296091,56828232,2701370,518653129,14152,15161,164107469
2022-03-21 11:53:10 +0000 UTC,10046,7656000,1469694204,48488000,9309655871,296857,56973979,2709452,520201995,14153,15162,164149110
2022-03-21 11:53:20 +0000 UTC,10046,7680000,1474316604,48640000,9338842450,297631,57122970,2717500,521745007,14153,15162,164149110
2022-03-21 11:53:30 +0000 UTC,10046,7704000,1478929902,48792000,9368058280,298405,57273785,2725406,523264742,14153,15162,164149110
2022-03-21 11:53:40 +0000 UTC,10046,7728000,1483526931,48944000,9397264942,299161,57417843,2733492,524817056,14153,15162,164149110
2022-03-21 11:53:50 +0000 UTC,10046,7752000,1488125301,49096000,9426450417,299917,57563526,2741460,526348323,14153,15162,164149110
2022-03-21 11:54:00 +0000 UTC,10047,7776000,1492724226,49248000,9455614536,300696,57711320,2749480,527890014,14155,15162,164149110
2022-03-21 11:54:10 +0000 UTC,10047,7800000,1497340218,49400000,9484783865,301468,57859162,2757532,529433753,14157,15164,164261111
2022-03-21 11:54:20 +0000 UTC,10047,7824000,1501933155,49552000,9513974421,302280,58014881,2765577,530976726,14157,15164,164261111
2022-03-21 11:54:30 +0000 UTC,10047,7848000,1506552315,49704000,9543164594,303063,58166570,2773472,532491428,14157,15164,164261111
2022-03-21 11:54:40 +0000 UTC,10047,7872000,1511154822,49856000,9572329412,303834,58314010,2781607,534046348,14157,15164,164261111
2022-03-21 11:54:50 +0000 UTC,10047,7896000,1515767757,50008000,9601519416,304582,58458739,2789588,535579341,14157,15164,164261111
2022-03-21 11:55:00 +0000 UTC,10047,7920000,1520365656,50160000,9630727386,305320,58600914,2797633,537126810,14157,15165,164310092
2022-03-21 11:55:10 +0000 UTC,10047,7944000,1524975990,50312000,9659896552,306117,58754038,2805781,538695393,14157,15165,164310092
2022-03-21 11:55:20 +0000 UTC,10047,7968000,1529581575,50464000,9689096250,306886,58900928,2813823,540239226,14157,15165,164310092
2022-03-21 11:55:30 +0000 UTC,10048,7992000,1534194486,50616000,9718261984,307673,59052643,2821707,541750046,14158,15165,164310092
2022-03-21 11:55:40 +0000 UTC,10049,8016000,1538799912,50768000,9747475853,308459,59203427,2829885,543317506,14160,15165,164310092
2022-03-21 11:55:50 +0000 UTC,10049,8040000,1543396410,50920000,9776632780,309219,59349734,2837933,544859463,14160,15165,164310092
2022-03-21 11:56:00 +0000 UTC,10049,8064000,1547999679,51072000,9805820879,309996,59497738,2846158,546440959,14160,15165,164310092
2022-03-21 11:56:10 +0000 UTC,10049,8088000,1552623276,51224000,9834999347,310742,59641755,2854144,547971884,14161,15167,164417068
2022-03-21 11:56:20 +0000 UTC,10049,8112000,1557239868,51376000,9864181434,311581,59802409,2862168,549504037,14162,15168,164465282
2022-03-21 11:56:30 +0000 UTC,10049,8136000,1561845474,51528000,9893365707,312351,59950111,2870164,551042601,14162,15168,164465282
2022-03-21 11:56:40 +0000 UTC,10049,8160000,1566461037,51680000,9922555821,313145,60100326,2878172,552587087,14163,15169,164521587
2022-03-21 11:56:50 +0000 UTC,10050,8184000,1571074353,51832000,9951754599,313902,60244858,2886188,554128517,14165,15169,164521587
2022-03-21 11:57:00 +0000 UTC,10050,8208000,1575689223,51984000,9980955939,314700,60397916,2894190,555666534,14165,15169,164521587
2022-03-21 11:57:10 +0000 UTC,10050,8232000,1580297370,52136000,10010124736,315506,60553781,2902132,557189169,14165,15169,164521587
2022-03-21 11:57:20 +0000 UTC,10050,8256000,1584895851,52288000,10039309698,316254,60696768,2910185,558740322,14165,15169,164521587
2022-03-21 11:57:30 +0000 UTC,10050,8280000,1589506998,52440000,10068469935,317047,60848757,2918208,560280840,14165,15169,164521587
2022-03-21 11:57:40 +0000 UTC,10051,8304000,1594130103,52592000,10097635216,317795,60994045,2926184,561807244,14166,15169,164521587
2022-03-21 11:57:50 +0000 UTC,10051,8328000,1598755773,52744000,10126808562,318549,61138864,2934174,563343274,14166,15169,164521587
2022-03-21 11:58:00 +0000 UTC,10052,8352000,1603355013,52896000,10156003978,319348,61292638,2942290,564903692,14168,15169,164521587
2022-03-21 11:58:10 +0000 UTC,10052,8376000,1607956008,53048000,10185189453,320105,61437629,2950260,566433820,14171,15175,164847981
2022-03-21 11:58:20 +0000 UTC,10052,8400000,1612559775,53200000,10214380113,320852,61581609,2958278,567981106,14172,15179,165059992
2022-03-21 11:58:30 +0000 UTC,10052,8424000,1617151410,53352000,10243565795,321657,61735526,2966330,569528878,14172,15180,165060264
2022-03-21 11:58:40 +0000 UTC,10052,8448000,1621756296,53504000,10272744167,322444,61886199,2974373,571069437,14172,15180,165060264
2022-03-21 11:58:50 +0000 UTC,10052,8472000,1626366891,53656000,10301949627,323231,62036235,2982447,572619878,14172,15180,165060264
2022-03-21 11:59:00 +0000 UTC,10052,8496000,1630979697,53808000,10331139665,324029,62188092,2990504,574169784,14172,15180,165060264
2022-03-21 11:59:10 +0000 UTC,10052,8520000,1635593022,53960000,10360321679,324771,62331294,2998509,575704243,14172,15180,165060264
2022-03-21 11:59:20 +0000 UTC,10052,8544000,1640194392,54112000,10389516893,325531,62477343,3006438,577227422,14172,15180,165060264
2022-03-21 11:59:30 +0000 UTC,10052,8568000,1644814905,54264000,10418711797,326299,62627126,3014494,578775871,14172,15180,165060264
2022-03-21 11:59:40 +0000 UTC,10053,8592000,1649423091,54416000,10447883514,327088,62779518,3022745,580362231,14174,15180,165060264
2022-03-21 11:59:50 +0000 UTC,10053,8616000,1654019724,54568000,10477065052,327889,62933615,3030779,581902402,14174,15180,165060264
2022-03-21 12:00:00 +0000 UTC,10054,8640000,1658633649,54720000,10506247065,328679,63088232,3038835,583449431,14176,15180,165060264
n321hr3rf-halfrepls: 17.744369s=== RUN   TestSimulatorExam/n641hr3r-3repls
tick,c_ranges,c_write,c_write_b,c_read,c_read_b,s_ranges,s_write,s_write_b,s_read,s_read_b,c_lease_moves,c_replica_moves,c_replica_b_moves
2022-03-21 11:00:10 +0000 UTC,20001,48000,9184431,304000,58397180,16000,3061477,304000,58397180,20000,0,0
2022-03-21 11:00:20 +0000 UTC,20001,96000,18413313,608000,116733336,32000,6137771,608000,116733336,20000,0,0
2022-03-21 11:00:30 +0000 UTC,20001,144000,27614889,912000,175146543,48000,9204963,912000,175146543,20030,100,46904
2022-03-21 11:00:40 +0000 UTC,20001,192000,36840435,1216000,233483825,63983,12276885,1215526,233392775,20056,138,72451
2022-03-21 11:00:50 +0000 UTC,20001,240000,46064727,1520000,291844015,79955,15346147,1518680,291590339,20058,163,91006
2022-03-21 11:01:00 +0000 UTC,20001,288000,55293630,1824000,350239314,95918,18415644,1821800,349817566,20059,327,252228
2022-03-21 11:01:10 +0000 UTC,20001,336000,64512072,2128000,408644113,111841,21474189,2124914,408052495,20103,452,390600
2022-03-21 11:01:20 +0000 UTC,20001,384000,73703820,2432000,467005538,127761,24522746,2427349,466111280,20131,533,485423
2022-03-21 11:01:30 +0000 UTC,20001,432000,82922829,2736000,525350962,143666,27577800,2729319,524069277,20133,576,545012
2022-03-21 11:01:40 +0000 UTC,20001,480000,92139231,3040000,583717061,159564,30631043,3031300,582046924,20137,612,592523
2022-03-21 11:01:50 +0000 UTC,20001,528000,101360070,3344000,642072425,175448,33682914,3333167,639994656,20202,734,786207
2022-03-21 11:02:00 +0000 UTC,20001,576000,110571051,3648000,700455300,191299,36724991,3633986,697766968,20203,787,878358
2022-03-21 11:02:10 +0000 UTC,20001,624000,119770104,3952000,758812053,207135,39760124,3934975,755545653,20203,847,986918
2022-03-21 11:02:20 +0000 UTC,20001,672000,128971749,4256000,817139658,222971,42795545,4235893,813283410,20207,888,1073609
2022-03-21 11:02:30 +0000 UTC,20001,720000,138183750,4560000,875512143,238814,45835692,4536718,871045053,20208,904,1113375
2022-03-21 11:02:40 +0000 UTC,20001,768000,147382641,4864000,933882149,254643,48869657,4837514,928800612,20290,1016,1389873
2022-03-21 11:02:50 +0000 UTC,20001,816000,156591651,5168000,992236890,270387,51890897,5137328,986349857,20297,1027,1414971
2022-03-21 11:03:00 +0000 UTC,20001,864000,165810162,5472000,1050602460,286136,54915172,5436808,1043845481,20334,1096,1609509
2022-03-21 11:03:10 +0000 UTC,20001,912000,175003863,5776000,1108969176,301865,57927689,5735646,1101218329,20335,1137,1733987
2022-03-21 11:03:20 +0000 UTC,20001,960000,184231653,6080000,1167330975,317599,60953840,6034515,1158594998,20340,1197,1912244
2022-03-21 11:03:30 +0000 UTC,20001,1008000,193470531,6384000,1225672924,333331,63982918,6333455,1215963725,20341,1248,2084137
2022-03-21 11:03:40 +0000 UTC,20001,1056000,202687989,6688000,1284069474,349037,67000538,6632437,1273400125,20409,1380,2523075
2022-03-21 11:03:50 +0000 UTC,20001,1104000,211882638,6992000,1342428254,364711,70003373,6930187,1330562194,20413,1433,2713018
2022-03-21 11:04:00 +0000 UTC,20001,1152000,221088165,7296000,1400762985,380371,73005529,7227917,1387692885,20414,1463,2827020
2022-03-21 11:04:10 +0000 UTC,20001,1200000,230308332,7600000,1459141066,396003,76007796,7525706,1444875643,20415,1492,2937576
2022-03-21 11:04:20 +0000 UTC,20001,1248000,239538807,7904000,1517513944,411707,79027971,7823367,1502032782,20480,1636,3497886
2022-03-21 11:04:30 +0000 UTC,20002,1296000,248721963,8208000,1575903534,427313,82013515,8120097,1559028280,20483,1651,3562736
2022-03-21 11:04:40 +0000 UTC,20002,1344000,257943417,8512000,1634261677,442946,85016510,8416965,1616015367,20486,1687,3711810
2022-03-21 11:04:50 +0000 UTC,20002,1392000,267146910,8816000,1692639714,458560,88009294,8713596,1672976859,20545,1811,4269443
2022-03-21 11:05:00 +0000 UTC,20002,1440000,276353001,9120000,1751015210,474175,91004020,9009419,1729788505,20545,1845,4425845
2022-03-21 11:05:10 +0000 UTC,20002,1488000,285568311,9424000,1809405355,489734,93990686,9305094,1786582977,20546,1903,4700981
2022-03-21 11:05:20 +0000 UTC,20002,1536000,294779118,9728000,1867754139,505315,96981542,9600840,1843345993,20547,1937,4864044
2022-03-21 11:05:30 +0000 UTC,20002,1584000,304009362,10032000,1926114277,520915,99981023,9896505,1900107627,20549,1970,5022850
2022-03-21 11:05:40 +0000 UTC,20002,1632000,313235820,10336000,1984504473,536492,102974420,10192191,1956900804,20617,2106,5732405
2022-03-21 11:05:50 +0000 UTC,20002,1680000,322431816,10640000,2042867432,552018,105950367,10486794,2013453713,20623,2134,5877141
2022-03-21 11:06:00 +0000 UTC,20002,1728000,331655403,10944000,2101231167,567505,108926577,10781297,2069992360,20624,2164,6041296
2022-03-21 11:06:10 +0000 UTC,20002,1776000,340889898,11248000,2159623688,583025,111913506,11075795,2126554106,20632,2200,6251141
2022-03-21 11:06:20 +0000 UTC,20002,1824000,350105706,11552000,2217973208,598489,114882160,11370167,2183056120,20657,2271,6657515
2022-03-21 11:06:30 +0000 UTC,20002,1872000,359335224,11856000,2276352386,613946,117853918,11664073,2239494612,20665,2303,6847929
2022-03-21 11:06:40 +0000 UTC,20002,1920000,368541132,12160000,2334741771,629389,120814374,11958062,2295956404,20669,2333,7035508
2022-03-21 11:06:50 +0000 UTC,20002,1968000,377767485,12464000,2393138183,644865,123790224,12251833,2352387879,20670,2360,7200343
2022-03-21 11:07:00 +0000 UTC,20002,2016000,386971518,12768000,2451474636,660363,126760650,12545557,2408748716,20670,2389,7393416
2022-03-21 11:07:10 +0000 UTC,20002,2064000,396191163,13072000,2509844452,675837,129732221,12839164,2465117434,20682,2430,7655486
2022-03-21 11:07:20 +0000 UTC,20002,2112000,405392901,13376000,2568212252,691268,132689551,13132831,2521499612,20751,2547,8450368
2022-03-21 11:07:30 +0000 UTC,20002,2160000,414578958,13680000,2626603433,706624,135628148,13425368,2577690318,20765,2590,8752131
2022-03-21 11:07:40 +0000 UTC,20002,2208000,423793689,13984000,2684997684,722035,138586452,13717767,2633859196,20772,2627,9016806
2022-03-21 11:07:50 +0000 UTC,20002,2256000,433002408,14288000,2743343291,737435,141540498,14010103,2689973038,20837,2753,9957357
2022-03-21 11:08:00 +0000 UTC,20002,2304000,442216002,14592000,2801732939,752792,144486642,14301422,2745929241,20839,2773,10094196
2022-03-21 11:08:10 +0000 UTC,20002,2352000,451430724,14896000,2860101253,768173,147439075,14592510,2801817136,20903,2908,11093235
2022-03-21 11:08:20 +0000 UTC,20002,2400000,460644549,15200000,2918516038,783499,150382385,14882954,2857624218,20904,2931,11273822
2022-03-21 11:08:30 +0000 UTC,20002,2448000,469860390,15504000,2976887665,798754,153313187,15173219,2913359188,20905,2967,11563233
2022-03-21 11:08:40 +0000 UTC,20002,2496000,479057400,15808000,3035261071,814006,156236466,15463563,2969116382,20907,3005,11860528
2022-03-21 11:08:50 +0000 UTC,20002,2544000,488268081,16112000,3093604501,829270,159166257,15753711,3024800352,20909,3043,12167999
2022-03-21 11:09:00 +0000 UTC,20002,2592000,497487402,16416000,3152005644,844543,162101133,16043925,3080548158,20978,3179,13323197
2022-03-21 11:09:10 +0000 UTC,20002,2640000,506724999,16720000,3210344272,859798,165036454,16333140,3136058032,20980,3229,13722138
2022-03-21 11:09:20 +0000 UTC,20002,2688000,515959662,17024000,3268743821,875056,167971998,16622331,3191615144,20982,3260,13985808
2022-03-21 11:09:30 +0000 UTC,20002,2736000,525185985,17328000,3327098074,890271,170897334,16911412,3247109814,20983,3304,14360836
2022-03-21 11:09:40 +0000 UTC,20002,2784000,534397914,17632000,3385489540,905454,173811569,17200504,3302635280,21019,3406,15254602
2022-03-21 11:09:50 +0000 UTC,20002,2832000,543622587,17936000,3443868875,920647,176732933,17488994,3358038592,21081,3542,16479585
2022-03-21 11:10:00 +0000 UTC,20002,2880000,552815724,18240000,3502245945,935798,179634270,17776665,3413276469,21083,3605,17062867
2022-03-21 11:10:10 +0000 UTC,20002,2928000,562020450,18544000,3560617450,950985,182545493,18064226,3468490700,21150,3736,18257290
2022-03-21 11:10:20 +0000 UTC,20002,2976000,571260207,18848000,3618965603,966093,185455682,18350677,3523473243,21151,3773,18609495
2022-03-21 11:10:30 +0000 UTC,20002,3024000,580458627,19152000,3677296892,981135,188339598,18636926,3578398672,21152,3816,19026914
2022-03-21 11:10:40 +0000 UTC,20002,3072000,589666437,19456000,3735648554,996160,191221892,18923364,3633369801,21154,3849,19348143
2022-03-21 11:10:50 +0000 UTC,20002,3120000,598892922,19760000,3794020806,1011259,194125584,19209705,3688359283,21161,3890,19762020
2022-03-21 11:11:00 +0000 UTC,20002,3168000,608107671,20064000,3852406609,1026321,197018968,19496080,3743373041,21196,3984,20710961
2022-03-21 11:11:10 +0000 UTC,20002,3216000,617312418,20368000,3910770740,1041323,199895582,19781952,3798256473,21197,4020,21065154
2022-03-21 11:11:20 +0000 UTC,20002,3264000,626505300,20672000,3969153457,1056381,202779506,20067835,3853160322,21198,4053,21412816
2022-03-21 11:11:30 +0000 UTC,20002,3312000,635723922,20976000,4027560065,1071400,205665517,20353782,3908105724,21199,4086,21762292
2022-03-21 11:11:40 +0000 UTC,20002,3360000,644952399,21280000,4085921064,1086470,208561117,20639512,3962962137,21200,4126,22189369
2022-03-21 11:11:50 +0000 UTC,20002,3408000,654148152,21584000,4144271389,1101518,211443496,20925264,4017806091,21201,4154,22485355
2022-03-21 11:12:00 +0000 UTC,20003,3456000,663329484,21888000,4202626391,1116550,214321432,21211159,4072677300,21217,4213,23123679
2022-03-21 11:12:10 +0000 UTC,20003,3504000,672521622,22192000,4260970638,1131581,217199399,21496945,4127527269,21220,4246,23489114
2022-03-21 11:12:20 +0000 UTC,20003,3552000,681742806,22496000,4319310508,1146630,220091600,21782693,4182361601,21233,4296,24055584
2022-03-21 11:12:30 +0000 UTC,20003,3600000,690959385,22800000,4377663686,1161599,222964597,22068084,4237148625,21242,4331,24453554
2022-03-21 11:12:40 +0000 UTC,20003,3648000,700196679,23104000,4436024971,1176618,225853915,22353461,4291936265,21250,4364,24831189
2022-03-21 11:12:50 +0000 UTC,20003,3696000,709391265,23408000,4494427983,1191645,228733403,22638620,4346717362,21312,4485,26260600
2022-03-21 11:13:00 +0000 UTC,20003,3744000,718605483,23712000,4552814172,1206554,231595376,22922429,4401221513,21315,4502,26466669
2022-03-21 11:13:10 +0000 UTC,20003,3792000,727828623,24016000,4611162406,1221495,234466614,23206180,4455680279,21387,4619,27883328
2022-03-21 11:13:20 +0000 UTC,20003,3840000,737020131,24320000,4669526943,1236395,237320627,23489326,4510045584,21445,4734,29301300
2022-03-21 11:13:30 +0000 UTC,20003,3888000,746244090,24624000,4727926132,1251236,240170778,23771343,4564214911,21515,4854,30827348
2022-03-21 11:13:40 +0000 UTC,20003,3936000,755469906,24928000,4786275128,1266071,243022342,24052415,4618168879,21523,4885,31218310
2022-03-21 11:13:50 +0000 UTC,20003,3984000,764668908,25232000,4844629476,1280800,245845939,24333332,4672088345,21524,4908,31513371
2022-03-21 11:14:00 +0000 UTC,20003,4032000,773846679,25536000,4902999210,1295571,248671005,24614133,4726007776,21536,4942,31951336
2022-03-21 11:14:10 +0000 UTC,20003,4080000,783031830,25840000,4961391653,1310328,251495463,24895050,4779968410,21539,4970,32317894
2022-03-21 11:14:20 +0000 UTC,20003,4128000,792238170,26144000,5019734837,1325078,254322448,25175592,4833811944,21540,5006,32775570
2022-03-21 11:14:30 +0000 UTC,20003,4176000,801445797,26448000,5078107604,1339830,257150968,25456311,4887716027,21547,5042,33259291
2022-03-21 11:14:40 +0000 UTC,20003,4224000,810657090,26752000,5136430753,1354638,259991649,25736830,4941529917,21547,5072,33674647
2022-03-21 11:14:50 +0000 UTC,20003,4272000,819869295,27056000,5194823778,1369420,262827528,26017428,4995425946,21553,5111,34213789
2022-03-21 11:15:00 +0000 UTC,20003,4320000,829086696,27360000,5253213803,1384100,265645325,26297976,5049322276,21555,5146,34697236
2022-03-21 11:15:10 +0000 UTC,20003,4368000,838288557,27664000,5311588749,1398848,268470285,26578252,5103142785,21556,5200,35452953
2022-03-21 11:15:20 +0000 UTC,20003,4416000,847495431,27968000,5369953419,1413606,271301045,26858640,5156984382,21558,5232,35928125
2022-03-21 11:15:30 +0000 UTC,20003,4464000,856726299,28272000,5428311433,1428434,274154311,27138955,5210789313,21561,5280,36621997
2022-03-21 11:15:40 +0000 UTC,20003,4512000,865972377,28576000,5486697975,1443208,277000330,27419053,5264587972,21564,5316,37162369
2022-03-21 11:15:50 +0000 UTC,20003,4560000,875191953,28880000,5545040217,1457998,279839965,27699440,5318396661,21631,5449,39123151
2022-03-21 11:16:00 +0000 UTC,20003,4608000,884399979,29184000,5603431531,1472686,282658502,27978940,5372080864,21632,5487,39677941
2022-03-21 11:16:10 +0000 UTC,20003,4656000,893602518,29488000,5661802564,1487419,285483498,28258098,5425676294,21634,5528,40287079
2022-03-21 11:16:20 +0000 UTC,20003,4704000,902814045,29792000,5720188339,1502089,288298716,28537438,5479325758,21660,5605,41452299
2022-03-21 11:16:30 +0000 UTC,20003,4752000,912032409,30096000,5778584687,1516788,291120583,28816072,5532836839,21661,5641,41985082
2022-03-21 11:16:40 +0000 UTC,20003,4800000,921213312,30400000,5836955351,1531541,293943048,29094900,5586375096,21662,5674,42487894
2022-03-21 11:16:50 +0000 UTC,20003,4848000,930435141,30704000,5895316585,1546196,296759479,29373623,5639885299,21664,5704,42952569
2022-03-21 11:17:00 +0000 UTC,20003,4896000,939647979,31008000,5953692374,1560894,299581192,29652119,5693369525,21665,5735,43438413
2022-03-21 11:17:10 +0000 UTC,20003,4944000,948878505,31312000,6012058639,1575518,302395979,29930856,5746890933,21666,5751,43699196
2022-03-21 11:17:20 +0000 UTC,20003,4992000,958080531,31616000,6070452336,1590197,305210323,30209510,5800419147,21730,5874,45683853
2022-03-21 11:17:30 +0000 UTC,20003,5040000,967308339,31920000,6128821575,1604795,308019591,30487180,5853725205,21731,5898,46071259
2022-03-21 11:17:40 +0000 UTC,20003,5088000,976515996,32224000,6187189794,1619378,310816852,30765009,5907072209,21786,6004,47799866
2022-03-21 11:17:50 +0000 UTC,20004,5136000,985715103,32528000,6245575094,1633969,313614541,31042084,5960289170,21790,6020,48066872
2022-03-21 11:18:00 +0000 UTC,20004,5184000,994931208,32832000,6303945921,1648583,316419456,31319130,6013481015,21795,6042,48442144
2022-03-21 11:18:10 +0000 UTC,20004,5232000,1004131806,33136000,6362286924,1663131,319208577,31596044,6066639595,21857,6156,50356057
2022-03-21 11:18:20 +0000 UTC,20004,5280000,1013342841,33440000,6420648650,1677637,321993050,31872188,6119652598,21858,6171,50617261
2022-03-21 11:18:30 +0000 UTC,20004,5328000,1022548830,33744000,6479017193,1692152,324779135,32148036,6172605059,21883,6220,51452911
2022-03-21 11:18:40 +0000 UTC,20004,5376000,1031737014,34048000,6537412076,1706699,327564388,32423657,6225536289,21884,6236,51708605
2022-03-21 11:18:50 +0000 UTC,20004,5424000,1040955159,34352000,6595765900,1721218,330352214,32698814,6278358008,21888,6265,52221210
2022-03-21 11:19:00 +0000 UTC,20004,5472000,1050188145,34656000,6654103263,1735693,333135310,32974574,6331269210,21892,6293,52706577
2022-03-21 11:19:10 +0000 UTC,20004,5520000,1059430821,34960000,6712479586,1750110,335911323,33250005,6384158893,21896,6319,53170955
2022-03-21 11:19:20 +0000 UTC,20004,5568000,1068614520,35264000,6770841951,1764475,338657964,33525163,6436986006,21897,6348,53691311
2022-03-21 11:19:30 +0000 UTC,20004,5616000,1077821055,35568000,6829198983,1778938,341431758,33800490,6489843486,21900,6385,54357988
2022-03-21 11:19:40 +0000 UTC,20004,5664000,1087033347,35872000,6887548768,1793470,344220661,34075908,6542714762,21905,6426,55102812
2022-03-21 11:19:50 +0000 UTC,20004,5712000,1096227924,36176000,6945904461,1807932,346991573,34351082,6595541075,21967,6556,57448256
2022-03-21 11:20:00 +0000 UTC,20004,5760000,1105463769,36480000,7004278343,1822310,349757252,34625126,6648163434,22039,6679,59694961
2022-03-21 11:20:10 +0000 UTC,20004,5808000,1114665042,36784000,7062642566,1836721,352519532,34898370,6700644468,22045,6721,60470754
2022-03-21 11:20:20 +0000 UTC,20004,5856000,1123900107,37088000,7121025424,1851093,355284102,35171340,6753070294,22048,6752,61041984
2022-03-21 11:20:30 +0000 UTC,20004,5904000,1133108196,37392000,7179387076,1865497,358046896,35444565,6805522701,22049,6781,61578588
2022-03-21 11:20:40 +0000 UTC,20004,5952000,1142345028,37696000,7237774853,1879839,360804787,35717592,6857965146,22050,6799,61935152
2022-03-21 11:20:50 +0000 UTC,20004,6000000,1151533572,38000000,7296153839,1894235,363561331,35990101,6910297080,22053,6835,62615202
2022-03-21 11:21:00 +0000 UTC,20004,6048000,1160754666,38304000,7354507162,1908569,366313901,36262932,6962667092,22054,6871,63309526
2022-03-21 11:21:10 +0000 UTC,20004,6096000,1169970009,38608000,7412877132,1922915,369064845,36535510,7014999953,22055,6905,63959999
2022-03-21 11:21:20 +0000 UTC,20004,6144000,1179184878,38912000,7471261951,1937348,371836367,36808296,7067394716,22056,6926,64386308
2022-03-21 11:21:30 +0000 UTC,20004,6192000,1188387588,39216000,7529621972,1951751,374599411,37081250,7119789778,22115,7049,66837131
2022-03-21 11:21:40 +0000 UTC,20004,6240000,1197609795,39520000,7588015805,1966093,377355483,37353199,7172024695,22184,7182,69501146
2022-03-21 11:21:50 +0000 UTC,20005,6288000,1206812097,39824000,7646385599,1980271,380074590,37624154,7224034715,22247,7315,72198449
2022-03-21 11:22:00 +0000 UTC,20005,6336000,1216006914,40128000,7704723229,1994502,382797913,37894225,7275862889,22251,7351,72924283
2022-03-21 11:22:10 +0000 UTC,20005,6384000,1225193103,40432000,7763068624,2008639,385504449,38164017,7327646032,22252,7377,73439455
2022-03-21 11:22:20 +0000 UTC,20005,6432000,1234401972,40736000,7821440639,2022839,388229642,38433741,7379430163,22253,7401,73939979
2022-03-21 11:22:30 +0000 UTC,20005,6480000,1243595850,41040000,7879791378,2037050,390951587,38703323,7431178042,22324,7534,76727763
2022-03-21 11:22:40 +0000 UTC,20005,6528000,1252812021,41344000,7938164842,2051202,393671382,38972208,7482809065,22328,7566,77403215
2022-03-21 11:22:50 +0000 UTC,20005,6576000,1262049819,41648000,7996516529,2065277,396378090,39240570,7534307576,22330,7597,78053742
2022-03-21 11:23:00 +0000 UTC,20005,6624000,1271255070,41952000,8054858085,2079436,399093098,39509242,7585868768,22332,7629,78722414
2022-03-21 11:23:10 +0000 UTC,20005,6672000,1280469432,42256000,8113229375,2093569,401804852,39777740,7637416472,22334,7661,79403831
2022-03-21 11:23:20 +0000 UTC,20005,6720000,1289693877,42560000,8171577347,2107702,404522000,40046438,7688993781,22405,7789,82119960
2022-03-21 11:23:30 +0000 UTC,20005,6768000,1298924370,42864000,8229944688,2121786,407231101,40313959,7740364884,22407,7812,82621069
2022-03-21 11:23:40 +0000 UTC,20005,6816000,1308148527,43168000,8288289709,2135811,409926976,40581406,7791700950,22409,7844,83316345
2022-03-21 11:23:50 +0000 UTC,20005,6864000,1317367290,43472000,8346598080,2149882,412631063,40849098,7843050589,22410,7880,84118841
2022-03-21 11:24:00 +0000 UTC,20005,6912000,1326572169,43776000,8404954056,2163944,415328902,41116306,7894350410,22416,7925,85112714
2022-03-21 11:24:10 +0000 UTC,20005,6960000,1335768162,44080000,8463294230,2178015,418024539,41383388,7945607943,22429,7972,86142774
2022-03-21 11:24:20 +0000 UTC,20005,7008000,1344977061,44384000,8521716282,2192108,420730314,41650289,7996896469,22430,8004,86853040
2022-03-21 11:24:30 +0000 UTC,20005,7056000,1354177803,44688000,8580087809,2206138,423419839,41917480,8048201683,22436,8038,87631902
2022-03-21 11:24:40 +0000 UTC,20005,7104000,1363396050,44992000,8638502183,2220237,426128931,42184499,8099517463,22494,8191,91129723
2022-03-21 11:24:50 +0000 UTC,20005,7152000,1372606032,45296000,8696886871,2234224,428814358,42450744,8150644554,22558,8327,94255285
2022-03-21 11:25:00 +0000 UTC,20005,7200000,1381826565,45600000,8755255150,2248165,431492643,42715887,8201547850,22559,8356,94928802
2022-03-21 11:25:10 +0000 UTC,20005,7248000,1391034615,45904000,8813630855,2262155,434177710,42980969,8252455001,22560,8396,95859821
2022-03-21 11:25:20 +0000 UTC,20005,7296000,1400250189,46208000,8871979393,2276147,436866214,43245954,8303312549,22560,8423,96465536
2022-03-21 11:25:30 +0000 UTC,20005,7344000,1409470482,46512000,8930335727,2290055,439540686,43511222,8354229373,22561,8457,97296923
2022-03-21 11:25:40 +0000 UTC,20005,7392000,1418668056,46816000,8988669369,2303959,442205280,43776418,8405119801,22591,8539,99244023
2022-03-21 11:25:50 +0000 UTC,20005,7440000,1427890071,47120000,9047070998,2317863,444875344,44041275,8455986339,22593,8579,100185903
2022-03-21 11:26:00 +0000 UTC,20005,7488000,1437109614,47424000,9105414379,2331764,447544771,44305932,8506773537,22672,8715,103461796
2022-03-21 11:26:10 +0000 UTC,20005,7536000,1446329142,47728000,9163784135,2345587,450200505,44569397,8557348107,22674,8760,104547412
2022-03-21 11:26:20 +0000 UTC,20005,7584000,1455557190,48032000,9222175345,2359436,452862453,44833158,8608003274,22751,8884,107545492
2022-03-21 11:26:30 +0000 UTC,20005,7632000,1464785622,48336000,9280560003,2373254,455518651,45095450,8658366484,22784,8966,109552047
2022-03-21 11:26:40 +0000 UTC,20006,7680000,1474017654,48640000,9338942100,2387047,458168619,45357197,8708625614,22786,8994,110257369
2022-03-21 11:26:50 +0000 UTC,20007,7728000,1483223559,48944000,9397366066,2400838,460810620,45618892,8758918485,22787,9035,111259425
2022-03-21 11:27:00 +0000 UTC,20007,7776000,1492431321,49248000,9455712171,2414628,463453245,45880696,8809167404,22787,9071,112156360
2022-03-21 11:27:10 +0000 UTC,20007,7824000,1501609776,49552000,9514082214,2428415,466089009,46142534,8859446714,22788,9100,112873512
2022-03-21 11:27:20 +0000 UTC,20007,7872000,1510824558,49856000,9572439500,2442200,468734335,46404312,8909702718,22788,9139,113853431
2022-03-21 11:27:30 +0000 UTC,20007,7920000,1520046084,50160000,9630833910,2456005,471387023,46666054,8959973216,22796,9182,114914665
2022-03-21 11:27:40 +0000 UTC,20008,7968000,1529262507,50464000,9689202606,2469769,474029941,46928049,9010286660,22800,9213,115689813
2022-03-21 11:27:50 +0000 UTC,20008,8016000,1538480154,50768000,9747582439,2483490,476665439,47189707,9060536923,22803,9244,116491626
2022-03-21 11:28:00 +0000 UTC,20008,8064000,1547688075,51072000,9805924747,2497304,479315914,47451049,9110701202,22804,9280,117413069
2022-03-21 11:28:10 +0000 UTC,20008,8112000,1556894163,51376000,9864296669,2510992,481943525,47712732,9160950862,22805,9314,118297611
2022-03-21 11:28:20 +0000 UTC,20008,8160000,1566119346,51680000,9922669718,2524800,484597415,47974086,9211130682,22806,9347,119143604
2022-03-21 11:28:30 +0000 UTC,20008,8208000,1575348021,51984000,9981069673,2538597,487249079,48235255,9261308210,22869,9481,122693656
2022-03-21 11:28:40 +0000 UTC,20008,8256000,1584543783,52288000,10039427054,2552310,489878310,48496009,9311357875,22940,9611,126169853
2022-03-21 11:28:50 +0000 UTC,20008,8304000,1593783168,52592000,10097750861,2565961,492503880,48755873,9361209945,22943,9645,127082950
2022-03-21 11:29:00 +0000 UTC,20008,8352000,1602993471,52896000,10156124492,2579568,495113569,49015198,9411005780,22948,9669,127713673
2022-03-21 11:29:10 +0000 UTC,20008,8400000,1612213473,53200000,10214495547,2593246,497738460,49274575,9460803496,22949,9702,128598417
2022-03-21 11:29:20 +0000 UTC,20008,8448000,1621410867,53504000,10272859310,2606856,500347764,49533794,9510565620,22952,9739,129618403
2022-03-21 11:29:30 +0000 UTC,20008,8496000,1630641066,53808000,10331252542,2620587,502987329,49792970,9560346293,22959,9773,130525601
2022-03-21 11:29:40 +0000 UTC,20008,8544000,1639849557,54112000,10389631838,2634260,505611881,50052045,9610092604,23025,9897,133892463
2022-03-21 11:29:50 +0000 UTC,20008,8592000,1649060652,54416000,10448004327,2647900,508230821,50310398,9659690899,23036,9939,135053973
2022-03-21 11:30:00 +0000 UTC,20008,8640000,1658290920,54720000,10506361308,2661501,510843247,50568262,9709205010,23040,9973,135966471
2022-03-21 11:30:10 +0000 UTC,20008,8688000,1667498727,55024000,10564712510,2675052,513441291,50825811,9758642849,23041,9994,136574191
2022-03-21 11:30:20 +0000 UTC,20008,8736000,1676709861,55328000,10623068068,2688618,516045644,51083718,9808149515,23044,10029,137554609
2022-03-21 11:30:30 +0000 UTC,20008,8784000,1685929413,55632000,10681407791,2702184,518650776,51341592,9857625889,23046,10056,138341209
2022-03-21 11:30:40 +0000 UTC,20008,8832000,1695154449,55936000,10739782125,2715749,521255980,51599476,9907137965,23051,10081,139050409
2022-03-21 11:30:50 +0000 UTC,20008,8880000,1704374373,56240000,10798181487,2729302,523856125,51856941,9956592810,23052,10115,140029618
2022-03-21 11:31:00 +0000 UTC,20008,8928000,1713611112,56544000,10856543680,2742845,526464724,52114535,10006053502,23114,10242,143684106
2022-03-21 11:31:10 +0000 UTC,20008,8976000,1722825837,56848000,10914911989,2756354,529062243,52371563,10055391389,23115,10280,144756738
2022-03-21 11:31:20 +0000 UTC,20008,9024000,1732039590,57152000,10973285983,2769910,531662848,52628070,10104641002,23120,10302,145373318
2022-03-21 11:31:30 +0000 UTC,20008,9072000,1741252815,57456000,11031630738,2783480,534266380,52884830,10153924271,23125,10334,146305005
2022-03-21 11:31:40 +0000 UTC,20008,9120000,1750456884,57760000,11089997457,2796974,536854240,53141603,10203230728,23202,10461,150006400
2022-03-21 11:31:50 +0000 UTC,20008,9168000,1759670484,58064000,11148331126,2810395,539434558,53396806,10252210567,23275,10594,153919701
2022-03-21 11:32:00 +0000 UTC,20008,9216000,1768870530,58368000,11206706838,2823789,542001751,53651484,10301122752,23277,10623,154773491
2022-03-21 11:32:10 +0000 UTC,20008,9264000,1778079150,58672000,11265040363,2837090,544553027,53905916,10349952222,23280,10651,155597991
2022-03-21 11:32:20 +0000 UTC,20008,9312000,1787295969,58976000,11323418519,2850479,547122872,54160248,10398792037,23286,10698,156995533
2022-03-21 11:32:30 +0000 UTC,20008,9360000,1796514936,59280000,11381817706,2863851,549691087,54414539,10447635564,23351,10819,160609060
2022-03-21 11:32:40 +0000 UTC,20008,9408000,1805739831,59584000,11440173798,2877161,552250170,54667787,10496258883,23353,10845,161391964
2022-03-21 11:32:50 +0000 UTC,20008,9456000,1814955414,59888000,11498558716,2890490,554809260,54920752,10544833527,23355,10872,162222921
2022-03-21 11:33:00 +0000 UTC,20008,9504000,1824172614,60192000,11556941528,2903826,557368545,55173456,10593369512,23356,10894,162884764
2022-03-21 11:33:10 +0000 UTC,20008,9552000,1833397059,60496000,11615316497,2917220,559943536,55426360,10641942631,23356,10930,163962852
2022-03-21 11:33:20 +0000 UTC,20009,9600000,1842592113,60800000,11673715383,2930541,562493733,55680008,10690676483,23358,10964,165002424
2022-03-21 11:33:30 +0000 UTC,20009,9648000,1851807978,61104000,11732071612,2943886,565056579,55933015,10739251041,23358,10987,165735777
2022-03-21 11:33:40 +0000 UTC,20009,9696000,1861027677,61408000,11790445731,2957242,567622705,56185991,10787816156,23360,11014,166553885
2022-03-21 11:33:50 +0000 UTC,20009,9744000,1870251741,61712000,11848804759,2970477,570167644,56438832,10836348981,23361,11041,167388272
2022-03-21 11:34:00 +0000 UTC,20009,9792000,1879463262,62016000,11907166809,2983791,572720356,56692157,10884983924,23366,11081,168630240
2022-03-21 11:34:10 +0000 UTC,20009,9840000,1888690182,62320000,11965550667,2997098,575277030,56944955,10933532463,23368,11108,169497687
2022-03-21 11:34:20 +0000 UTC,20009,9888000,1897879689,62624000,12023904047,3010412,577825681,57198161,10982146416,23425,11238,173602869
2022-03-21 11:34:30 +0000 UTC,20009,9936000,1907086662,62928000,12082279665,3023657,580369671,57450146,11030530150,23487,11378,178085808
2022-03-21 11:34:40 +0000 UTC,20009,9984000,1916332314,63232000,12140667530,3036815,582905113,57701196,11078738894,23551,11500,181998290
2022-03-21 11:34:50 +0000 UTC,20009,10032000,1925527839,63536000,12199030561,3049955,585423235,57951455,11126784455,23560,11555,183740032
2022-03-21 11:35:00 +0000 UTC,20009,10080000,1934740368,63840000,12257430106,3063095,587944489,58201867,11174893354,23612,11662,187163354
2022-03-21 11:35:10 +0000 UTC,20009,10128000,1943978676,64144000,12315811645,3076261,590478997,58450927,11222731304,23612,11688,187982221
2022-03-21 11:35:20 +0000 UTC,20009,10176000,1953200517,64448000,12374133468,3089461,593014936,58700371,11270590053,23645,11760,190284218
2022-03-21 11:35:30 +0000 UTC,20010,10224000,1962432132,64752000,12432487774,3102536,595530996,58949079,11318320861,23663,11830,192549747
2022-03-21 11:35:40 +0000 UTC,20011,10272000,1971641232,65056000,12490868602,3115610,598039903,59197415,11366009710,23666,11852,193274617
2022-03-21 11:35:50 +0000 UTC,20011,10320000,1980858549,65360000,12549258143,3128768,600567307,59445971,11413750248,23676,11907,195089389
2022-03-21 11:36:00 +0000 UTC,20011,10368000,1990074600,65664000,12607648616,3141860,603079927,59694487,11461475522,23684,11945,196331103
2022-03-21 11:36:10 +0000 UTC,20011,10416000,1999268463,65968000,12666029780,3154904,605578805,59943098,11509198759,23690,11984,197620758
2022-03-21 11:36:20 +0000 UTC,20012,10464000,2008495521,66272000,12724384998,3167870,608070446,60191201,11556811493,23708,12048,199772636
2022-03-21 11:36:30 +0000 UTC,20012,10512000,2017715229,66576000,12782739800,3180889,610570256,60439165,11604420163,23708,12088,201125659
2022-03-21 11:36:40 +0000 UTC,20012,10560000,2026920489,66880000,12841083204,3193948,613075150,60687310,11652041826,23709,12120,202198387
2022-03-21 11:36:50 +0000 UTC,20012,10608000,2036154495,67184000,12899454963,3207018,615592664,60935093,11699607834,23710,12153,203328070
2022-03-21 11:37:00 +0000 UTC,20012,10656000,2045374185,67488000,12957841009,3219995,618082568,61182882,11747196249,23712,12189,204557064
2022-03-21 11:37:10 +0000 UTC,20012,10704000,2054594790,67792000,13016179572,3233058,620592289,61430425,11794700351,23722,12242,206365268
2022-03-21 11:37:20 +0000 UTC,20012,10752000,2063824104,68096000,13074535366,3246055,623091913,61678314,11842282060,23725,12273,207439632
2022-03-21 11:37:30 +0000 UTC,20012,10800000,2073038691,68400000,13132906201,3259079,625591610,61926012,11889845691,23727,12313,208809329
2022-03-21 11:37:40 +0000 UTC,20012,10848000,2082260658,68704000,13191269105,3272069,628086853,62173056,11937294391,23731,12354,210252388
2022-03-21 11:37:50 +0000 UTC,20012,10896000,2091467391,69008000,13249657156,3284991,630565816,62420809,11984890788,23733,12388,211424480
2022-03-21 11:38:00 +0000 UTC,20012,10944000,2100668274,69312000,13308013173,3297982,633057261,62668420,12032424378,23738,12419,212518223
2022-03-21 11:38:10 +0000 UTC,20012,10992000,2109893049,69616000,13366389807,3310909,635545545,62916391,12080054053,23739,12451,213657844
2022-03-21 11:38:20 +0000 UTC,20012,11040000,2119111527,69920000,13424732428,3323995,638057314,63164275,12127622330,23739,12475,214496245
2022-03-21 11:38:30 +0000 UTC,20012,11088000,2128347942,70224000,13483098856,3337057,640569245,63412240,12175221872,23801,12615,219471716
2022-03-21 11:38:40 +0000 UTC,20012,11136000,2137560984,70528000,13541449077,3350075,643069160,63659144,12222602055,23870,12739,223830960
2022-03-21 11:38:50 +0000 UTC,20012,11184000,2146799856,70832000,13599808466,3363005,645557699,63904759,12269761591,23874,12783,225402175
2022-03-21 11:39:00 +0000 UTC,20012,11232000,2156045055,71136000,13658165672,3375959,648053144,64150346,12316905192,23937,12906,229873887
2022-03-21 11:39:10 +0000 UTC,20012,11280000,2165252643,71440000,13716533373,3388956,650544532,64394586,12363802582,23939,12954,231639249
2022-03-21 11:39:20 +0000 UTC,20012,11328000,2174466069,71744000,13774889699,3401814,653013154,64639117,12410740986,24001,13084,236340510
2022-03-21 11:39:30 +0000 UTC,20012,11376000,2183688798,72048000,13833290737,3414721,655492256,64882571,12457518089,24001,13119,237611572
2022-03-21 11:39:40 +0000 UTC,20012,11424000,2192861820,72352000,13891660221,3427575,657948690,65125687,12504203414,24003,13146,238560687
2022-03-21 11:39:50 +0000 UTC,20012,11472000,2202095322,72656000,13950050700,3440317,660399902,65369049,12550943623,24004,13177,239688685
2022-03-21 11:40:00 +0000 UTC,20012,11520000,2211291054,72960000,14008405962,3453150,662859577,65612807,12597751319,24005,13211,240945188
2022-03-21 11:40:10 +0000 UTC,20012,11568000,2220492375,73264000,14066749337,3465909,665308210,65856075,12644431062,24015,13243,242133111
2022-03-21 11:40:20 +0000 UTC,20012,11616000,2229698448,73568000,14125111264,3478599,667736934,66099474,12691156818,24015,13259,242721008
2022-03-21 11:40:30 +0000 UTC,20013,11664000,2238924948,73872000,14183459404,3491495,670212561,66342673,12737845092,24082,13385,247380615
2022-03-21 11:40:40 +0000 UTC,20014,11712000,2248119906,74176000,14241830238,3504221,672653425,66584878,12784347873,24085,13408,248251805
2022-03-21 11:40:50 +0000 UTC,20014,11760000,2257335669,74480000,14300210327,3516938,675091693,66827033,12830849838,24086,13429,249036060
2022-03-21 11:41:00 +0000 UTC,20014,11808000,2266547892,74784000,14358616540,3529752,677549046,67069021,12877351581,24086,13453,249934758
2022-03-21 11:41:10 +0000 UTC,20014,11856000,2275790055,75088000,14416968920,3542639,680028932,67311395,12923861124,24087,13484,251120447
2022-03-21 11:41:20 +0000 UTC,20014,11904000,2284995027,75392000,14475386575,3555435,682485254,67553211,12970324525,24152,13610,255882026
2022-03-21 11:41:30 +0000 UTC,20014,11952000,2294198853,75696000,14533771172,3568075,684911233,67794429,13016645790,24152,13637,256930576
2022-03-21 11:41:40 +0000 UTC,20015,12000000,2303422275,76000000,14592133951,3580777,687355279,68036194,13063066048,24214,13769,261935907
2022-03-21 11:41:50 +0000 UTC,20016,12048000,2312612805,76304000,14650542074,3593399,689772327,68276475,13109229432,24239,13824,264055220
2022-03-21 11:42:00 +0000 UTC,20016,12096000,2321832921,76608000,14708893476,3606010,692193418,68516063,13155228988,24239,13850,265068107
2022-03-21 11:42:10 +0000 UTC,20016,12144000,2331046764,76912000,14767288826,3618634,694618602,68755904,13201300878,24246,13883,266322375
2022-03-21 11:42:20 +0000 UTC,20016,12192000,2340269061,77216000,14825627492,3631181,697026081,68995737,13247329085,24264,13936,268390907
2022-03-21 11:42:30 +0000 UTC,20016,12240000,2349477417,77520000,14883975537,3643752,699438239,69235109,13293288966,24272,13972,269794595
2022-03-21 11:42:40 +0000 UTC,20016,12288000,2358706338,77824000,14942354185,3656312,701851854,69474332,13339218715,24280,14001,270946802
2022-03-21 11:42:50 +0000 UTC,20016,12336000,2367941583,78128000,15000710135,3668835,704260740,69713420,13385121573,24283,14028,272000440
2022-03-21 11:43:00 +0000 UTC,20016,12384000,2377174488,78432000,15059078907,3681419,706680788,69952419,13431024121,24360,14158,277159285
2022-03-21 11:43:10 +0000 UTC,20016,12432000,2386401783,78736000,15117414807,3693958,709093403,70190825,13476770128,24428,14283,282085172
2022-03-21 11:43:20 +0000 UTC,20016,12480000,2395616265,79040000,15175778604,3706551,711509726,70427767,13522254743,24429,14311,283201094
2022-03-21 11:43:30 +0000 UTC,20017,12528000,2404833690,79344000,15234145001,3719079,713912562,70665052,13567816493,24431,14338,284273138
2022-03-21 11:43:40 +0000 UTC,20017,12576000,2414028747,79648000,15292518035,3731595,716307850,70901938,13613300602,24456,14396,286603955
2022-03-21 11:43:50 +0000 UTC,20017,12624000,2423258475,79952000,15350887976,3744096,718711030,71138776,13658770233,24457,14428,287898621
2022-03-21 11:44:00 +0000 UTC,20017,12672000,2432495934,80256000,15409240977,3756580,721111343,71375335,13704164042,24459,14455,288992459
2022-03-21 11:44:10 +0000 UTC,20017,12720000,2441703366,80560000,15467627184,3769131,723517867,71612183,13749668436,24525,14578,293993526
2022-03-21 11:44:20 +0000 UTC,20017,12768000,2450948688,80864000,15526019305,3781547,725908263,71848075,13794972245,24534,14617,295566054
2022-03-21 11:44:30 +0000 UTC,20017,12816000,2460166959,81168000,15584401312,3794040,728307797,72083737,13840215715,24535,14643,296613829
2022-03-21 11:44:40 +0000 UTC,20017,12864000,2469388356,81472000,15642761851,3806437,730686653,72319018,13885357454,24537,14667,297604135
2022-03-21 11:44:50 +0000 UTC,20017,12912000,2478615150,81776000,15701115319,3818865,733074773,72554692,13930609355,24538,14703,299094785
2022-03-21 11:45:00 +0000 UTC,20017,12960000,2487868902,82080000,15759525997,3831281,735467071,72789602,13975747162,24539,14731,300265945
2022-03-21 11:45:10 +0000 UTC,20017,13008000,2497092003,82384000,15817905200,3843743,737861085,73024925,14020930287,24596,14857,305519383
2022-03-21 11:45:20 +0000 UTC,20017,13056000,2506318785,82688000,15876258088,3856090,740233648,73260031,14066065102,24597,14882,306576422
2022-03-21 11:45:30 +0000 UTC,20017,13104000,2515533768,82992000,15934603000,3868468,742612138,73494292,14111021975,24603,14917,308034072
2022-03-21 11:45:40 +0000 UTC,20017,13152000,2524749255,83296000,15992993982,3880799,744977612,73729060,14156114907,24605,14948,309338640
2022-03-21 11:45:50 +0000 UTC,20017,13200000,2533968921,83600000,16051383780,3893150,747348714,73963076,14201052893,24606,14971,310299585
2022-03-21 11:46:00 +0000 UTC,20017,13248000,2543188017,83904000,16109750522,3905471,749714007,74197323,14246031905,24608,15001,311580468
2022-03-21 11:46:10 +0000 UTC,20017,13296000,2552415249,84208000,16168107567,3917726,752069360,74431913,14291063803,24609,15034,312950277
2022-03-21 11:46:20 +0000 UTC,20017,13344000,2561588730,84512000,16226474520,3930006,754419657,74665954,14335986356,24609,15066,314299511
2022-03-21 11:46:30 +0000 UTC,20017,13392000,2570798994,84816000,16284812167,3942459,756807524,74900208,14380953724,24672,15201,320152013
2022-03-21 11:46:40 +0000 UTC,20017,13440000,2580015276,85120000,16343185815,3954717,759162643,75133733,14425788596,24677,15235,321606300
2022-03-21 11:46:50 +0000 UTC,20018,13488000,2589222669,85424000,16401555546,3967046,761528131,75367415,14470657294,24746,15364,327153605
2022-03-21 11:47:00 +0000 UTC,20018,13536000,2598428481,85728000,16459925486,3979297,763877873,75599566,14515229515,24812,15484,332297680
2022-03-21 11:47:10 +0000 UTC,20018,13584000,2607659217,86032000,16518313728,3991470,766220097,75830588,14559597992,24813,15516,333688488
2022-03-21 11:47:20 +0000 UTC,20018,13632000,2616870108,86336000,16576634427,4003694,768566900,76061464,14603881508,24814,15552,335238677
2022-03-21 11:47:30 +0000 UTC,20018,13680000,2626090713,86640000,16635029067,4015890,770908882,76292205,14648200812,24814,15588,336798190
2022-03-21 11:47:40 +0000 UTC,20018,13728000,2635281519,86944000,16693375226,4028092,773245452,76523381,14692569440,24815,15615,337986142
2022-03-21 11:47:50 +0000 UTC,20018,13776000,2644509882,87248000,16751766201,4040191,775572809,76754643,14736999078,24889,15744,343680799
2022-03-21 11:48:00 +0000 UTC,20018,13824000,2653720203,87552000,16810146143,4052352,777908588,76984444,14781120121,24959,15864,348996845
2022-03-21 11:48:10 +0000 UTC,20018,13872000,2662928382,87856000,16868511537,4064420,780224940,77213401,14825086744,25026,15995,354767458
2022-03-21 11:48:20 +0000 UTC,20018,13920000,2672136192,88160000,16926884757,4076403,782519997,77441543,14868889230,25028,16025,356092608
2022-03-21 11:48:30 +0000 UTC,20018,13968000,2681325204,88464000,16985231747,4088412,784817697,77669772,14912703844,25028,16062,357732085
2022-03-21 11:48:40 +0000 UTC,20018,14016000,2690538447,88768000,17043618108,4100362,787112998,77898303,14956584152,25029,16106,359680136
2022-03-21 11:48:50 +0000 UTC,20018,14064000,2699729913,89072000,17102001982,4112416,789421000,78126395,15000387618,25029,16148,361552614
2022-03-21 11:49:00 +0000 UTC,20018,14112000,2708974095,89376000,17160347662,4124323,791714876,78354559,15044188788,25032,16194,363623839
2022-03-21 11:49:10 +0000 UTC,20018,14160000,2718173772,89680000,17218721300,4136360,794023182,78582339,15087929071,25033,16231,365300999
2022-03-21 11:49:20 +0000 UTC,20019,14208000,2727387084,89984000,17277106660,4148367,796326412,78809932,15131632385,25037,16270,367055135
2022-03-21 11:49:30 +0000 UTC,20019,14256000,2736591894,90288000,17335471007,4160360,798625951,79037979,15175417435,25037,16311,368921882
2022-03-21 11:49:40 +0000 UTC,20020,14304000,2745833571,90592000,17393836710,4172341,800930661,79265857,15219172295,25041,16349,370640131
2022-03-21 11:49:50 +0000 UTC,20020,14352000,2755087350,90896000,17452191334,4184371,803247258,79493981,15262950907,25053,16401,372998377
2022-03-21 11:50:00 +0000 UTC,20020,14400000,2764292181,91200000,17510555421,4196311,805534864,79721700,15306663634,25053,16439,374736040
2022-03-21 11:50:10 +0000 UTC,20020,14448000,2773528326,91504000,17568951678,4208303,807841775,79949068,15350343214,25126,16567,380630725
2022-03-21 11:50:20 +0000 UTC,20021,14496000,2782753806,91808000,17627312153,4220159,810122817,80175724,15393847783,25128,16620,383092345
2022-03-21 11:50:30 +0000 UTC,20022,14544000,2791966089,92112000,17685715275,4232019,812398851,80402384,15437386535,25135,16663,385059431
2022-03-21 11:50:40 +0000 UTC,20022,14592000,2801170911,92416000,17744089430,4243962,814687739,80628809,15480849199,25152,16722,387816819
2022-03-21 11:50:50 +0000 UTC,20022,14640000,2810378820,92720000,17802461458,4255911,816982356,80855121,15524311099,25155,16757,389447304
2022-03-21 11:51:00 +0000 UTC,20022,14688000,2819594979,93024000,17860865994,4267927,819287724,81080999,15567711276,25221,16886,395502395
2022-03-21 11:51:10 +0000 UTC,20022,14736000,2828829675,93328000,17919230840,4279873,821586207,81305774,15610855609,25288,17024,402034878
2022-03-21 11:51:20 +0000 UTC,20023,14784000,2838033921,93632000,17977601796,4291697,823852958,81530363,15653984658,25303,17077,404535400
2022-03-21 11:51:30 +0000 UTC,20024,14832000,2847269640,93936000,18035952330,4303459,826115669,81754653,15697027485,25373,17211,410891781
2022-03-21 11:51:40 +0000 UTC,20024,14880000,2856514752,94240000,18094320454,4315214,828378710,81977638,15739833943,25375,17241,412317678
2022-03-21 11:51:50 +0000 UTC,20024,14928000,2865727293,94544000,18152718850,4327034,830644358,82200539,15782650808,25376,17280,414153565
2022-03-21 11:52:00 +0000 UTC,20024,14976000,2874921837,94848000,18211065705,4338699,832879608,82423444,15825432537,25377,17307,415435256
2022-03-21 11:52:10 +0000 UTC,20025,15024000,2884120635,95152000,18269389305,4350477,835135286,82646277,15868178957,25379,17346,417285912
2022-03-21 11:52:20 +0000 UTC,20025,15072000,2893327542,95456000,18327785585,4362332,837409027,82868828,15910933459,25380,17377,418780625
2022-03-21 11:52:30 +0000 UTC,20025,15120000,2902551489,95760000,18386148048,4374069,839668474,83091187,15953626041,25431,17485,424028221
2022-03-21 11:52:40 +0000 UTC,20026,15168000,2911759806,96064000,18444535325,4385707,841901067,83313336,15996288295,25432,17518,425619743
2022-03-21 11:52:50 +0000 UTC,20026,15216000,2920979772,96368000,18502880481,4397428,844151543,83535122,16038860169,25434,17560,427661599
2022-03-21 11:53:00 +0000 UTC,20027,15264000,2930203797,96672000,18561265550,4409140,846400109,83757251,16081526331,25437,17596,429443131
2022-03-21 11:53:10 +0000 UTC,20027,15312000,2939413101,96976000,18619616361,4420754,848630281,83979311,16124145868,25440,17638,431515925
2022-03-21 11:53:20 +0000 UTC,20027,15360000,2948616300,97280000,18677968084,4432396,850860436,84201339,16166766644,25509,17773,438151975
2022-03-21 11:53:30 +0000 UTC,20027,15408000,2957823531,97584000,18736310444,4444031,853088613,84422003,16209107486,25579,17905,444637555
2022-03-21 11:53:40 +0000 UTC,20027,15456000,2967035016,97888000,18794682034,4455651,855318234,84642272,16251408425,25580,17934,446059726
2022-03-21 11:53:50 +0000 UTC,20027,15504000,2976254370,98192000,18853033443,4467226,857541650,84862269,16293630014,25583,17974,447999236
2022-03-21 11:54:00 +0000 UTC,20027,15552000,2985465129,98496000,18911420181,4478782,859762686,85082052,16335839799,25599,18044,451480761
2022-03-21 11:54:10 +0000 UTC,20027,15600000,2994685299,98800000,18969784395,4490346,861983225,85301495,16377966209,25618,18094,453998238
2022-03-21 11:54:20 +0000 UTC,20028,15648000,3003906639,99104000,19028179954,4501999,864222895,85520377,16420009076,25621,18115,455050233
2022-03-21 11:54:30 +0000 UTC,20028,15696000,3013123881,99408000,19086570868,4513609,866449844,85739856,16462149484,25626,18166,457629989
2022-03-21 11:54:40 +0000 UTC,20028,15744000,3022331793,99712000,19144931692,4525123,868656637,85959094,16504236640,25629,18209,459763876
2022-03-21 11:54:50 +0000 UTC,20028,15792000,3031533261,100016000,19203310663,4536731,870884799,86178384,16546341824,25629,18245,461611593
2022-03-21 11:55:00 +0000 UTC,20028,15840000,3040744386,100320000,19261661086,4548211,873087569,86397255,16588364174,25630,18286,463683708
2022-03-21 11:55:10 +0000 UTC,20028,15888000,3049972155,100624000,19320022434,4559783,875312516,86615982,16630347776,25630,18314,465095596
2022-03-21 11:55:20 +0000 UTC,20028,15936000,3059168163,100928000,19378367260,4571218,877499213,86835007,16672396756,25698,18444,471782851
2022-03-21 11:55:30 +0000 UTC,20028,15984000,3068376636,101232000,19436708829,4582675,879695127,87053253,16714290639,25702,18489,474077853
2022-03-21 11:55:40 +0000 UTC,20028,16032000,3077603754,101536000,19495074157,4594219,881911549,87271037,16756081483,25768,18624,481081291
2022-03-21 11:55:50 +0000 UTC,20029,16080000,3086777187,101840000,19553443389,4605683,884105865,87487891,16797725394,25769,18652,482501344
2022-03-21 11:56:00 +0000 UTC,20029,16128000,3096002013,102144000,19611823874,4617050,886291275,87705096,16839410107,25769,18690,484504648
2022-03-21 11:56:10 +0000 UTC,20029,16176000,3105209004,102448000,19670190786,4628377,888467663,87921960,16881037013,25828,18817,491054523
2022-03-21 11:56:20 +0000 UTC,20030,16224000,3114427080,102752000,19728565349,4639841,890673385,88137888,16922501278,25834,18859,493215100
2022-03-21 11:56:30 +0000 UTC,20031,16272000,3123630912,103056000,19786939101,4651239,892857156,88353893,16963982599,25907,19001,500548210
2022-03-21 11:56:40 +0000 UTC,20031,16320000,3132852603,103360000,19845296979,4662596,895038744,88568771,17005225725,25911,19044,502781211
2022-03-21 11:56:50 +0000 UTC,20031,16368000,3142064700,103664000,19903609375,4673731,897179066,88783694,17046449836,25983,19174,509638688
2022-03-21 11:57:00 +0000 UTC,20031,16416000,3151286895,103968000,19961956702,4684992,899339989,88997451,17087468666,25985,19199,510944610
2022-03-21 11:57:10 +0000 UTC,20031,16464000,3160523505,104272000,20020344800,4696319,901517260,89211343,17128550817,26045,19330,517838291
2022-03-21 11:57:20 +0000 UTC,20031,16512000,3169720032,104576000,20078711673,4707486,903657316,89424618,17169502654,26067,19392,521080942
2022-03-21 11:57:30 +0000 UTC,20032,16560000,3178940070,104880000,20137023878,4718641,905799222,89637199,17210277745,26070,19435,523327698
2022-03-21 11:57:40 +0000 UTC,20032,16608000,3188163306,105184000,20195391127,4729856,907955803,89849784,17251097229,26139,19572,530552836
2022-03-21 11:57:50 +0000 UTC,20033,16656000,3197377296,105488000,20253740823,4740986,910095664,90061347,17291694585,26142,19607,532434544
2022-03-21 11:58:00 +0000 UTC,20033,16704000,3206600319,105792000,20312094099,4752051,912223291,90272816,17332274871,26143,19642,534309138
2022-03-21 11:58:10 +0000 UTC,20034,16752000,3215819745,106096000,20370444659,4763211,914367282,90484001,17372817083,26150,19685,536619294
2022-03-21 11:58:20 +0000 UTC,20035,16800000,3225030735,106400000,20428812773,4774382,916510282,90695396,17413398192,26218,19811,543373748
2022-03-21 11:58:30 +0000 UTC,20035,16848000,3234246264,106704000,20487199148,4785380,918620502,90905759,17453792127,26219,19849,545443504
2022-03-21 11:58:40 +0000 UTC,20035,16896000,3243483693,107008000,20545548729,4796466,920751871,91115899,17494131843,26222,19879,547037145
2022-03-21 11:58:50 +0000 UTC,20035,16944000,3252706011,107312000,20603897825,4807591,922889454,91326070,17534466469,26223,19909,548645066
2022-03-21 11:59:00 +0000 UTC,20036,16992000,3261945876,107616000,20662280894,4818764,925040604,91536347,17574858816,26285,20035,555552354
2022-03-21 11:59:10 +0000 UTC,20036,17040000,3271137744,107920000,20720636602,4829805,927151654,91746022,17615103681,26350,20171,563054826
2022-03-21 11:59:20 +0000 UTC,20036,17088000,3280329426,108224000,20779015842,4840787,929255339,91953901,17655014606,26354,20212,565329987
2022-03-21 11:59:30 +0000 UTC,20036,17136000,3289543950,108528000,20837359097,4851790,931366587,92162208,17694975497,26355,20251,567483152
2022-03-21 11:59:40 +0000 UTC,20036,17184000,3298766970,108832000,20895731898,4862759,933473408,92370704,17735019216,26423,20384,574780160
2022-03-21 11:59:50 +0000 UTC,20036,17232000,3308010516,109136000,20954121316,4873641,935571175,92578253,17774883182,26423,20414,576423664
2022-03-21 12:00:00 +0000 UTC,20036,17280000,3317226645,109440000,21012479495,4884550,937670773,92785574,17814672935,26424,20447,578241762
